miRNA,mRNA
hsa-miR-421,RBMXL1
hsa-miR-421,CBX7
hsa-miR-421,ATM
hsa-miR-421,SMAD4
hsa-miR-421,NSL1
hsa-miR-421,SRSF7
hsa-miR-421,GID8
hsa-miR-421,EIF3K
hsa-miR-421,MAPK8
hsa-miR-421,LIMS1
hsa-miR-421,ZNF30
hsa-miR-421,GID4
hsa-miR-421,DDX39A
hsa-miR-421,ZNF678
hsa-miR-421,MIS18BP1
hsa-miR-421,NXPE3
hsa-miR-421,RNF138
hsa-miR-421,LIN7C
hsa-miR-421,RGMB
hsa-miR-421,SREK1IP1
hsa-miR-421,TAF9
hsa-miR-421,NR6A1
hsa-miR-421,CD46
hsa-miR-421,NDC1
hsa-miR-421,CREBZF
hsa-miR-421,POLR2D
hsa-miR-421,CEBPB
hsa-miR-421,FAM160B1
hsa-miR-421,VAPA
hsa-miR-421,DDX3X
hsa-miR-421,CREBRF
hsa-miR-421,FAM122A
hsa-miR-421,DNAJC27
hsa-miR-421,ZFP36L2
hsa-miR-421,RND3
hsa-miR-421,ATG2B
hsa-miR-421,TTC37
hsa-miR-421,RBBP7
hsa-miR-421,AFF4
hsa-miR-421,NIPBL
hsa-miR-421,LMCD1
hsa-miR-421,RANBP2
hsa-miR-421,USO1
hsa-miR-421,AP3B1
hsa-miR-421,PAXBP1
hsa-miR-421,PPARGC1A
hsa-miR-421,MTHFD2
hsa-miR-421,GCSH
hsa-miR-421,LARS2
hsa-miR-421,RPL18A
hsa-miR-421,EIF4A1
hsa-miR-421,DUSP3
hsa-miR-421,PHKA1
hsa-miR-421,DDX20
hsa-miR-421,CAP1
hsa-miR-421,ACOT9
hsa-miR-421,EIF4G2
hsa-miR-421,MSL3
hsa-miR-421,CEP57
hsa-miR-421,RPL26L1
hsa-miR-421,SENP7
hsa-miR-421,DOK4
hsa-miR-421,OTUD1
hsa-miR-421,CDC42SE2
hsa-miR-421,MRPL38
hsa-miR-421,ATXN2L
hsa-miR-421,TSR1
hsa-miR-421,GFOD2
hsa-miR-421,RAB2B
hsa-miR-421,PPP1R13B
hsa-miR-421,NPM1
hsa-miR-421,PARP10
hsa-miR-421,PQLC2
hsa-miR-421,SLC25A6
hsa-miR-421,PRR7
hsa-miR-421,AGO1
hsa-miR-421,FBXO11
hsa-miR-421,AHNAK
hsa-miR-421,GRK6
hsa-miR-421,SLIT1
hsa-miR-421,SLC9A6
hsa-miR-421,FAM172A
hsa-miR-421,SPECC1L
hsa-miR-421,SEPT2
hsa-miR-421,CTC1
hsa-miR-421,CDC37
hsa-miR-421,ZNF280C
hsa-miR-421,ISY1
hsa-miR-421,ZMYND8
hsa-miR-421,SRP9
hsa-miR-421,INPP4A
hsa-miR-421,MLXIP
hsa-miR-421,DUS3L
hsa-miR-421,FKBP8
hsa-miR-421,DNAJC16
hsa-miR-421,COPRS
hsa-miR-421,TUBA1B
hsa-miR-421,CASP2
hsa-miR-421,RPS18
hsa-miR-421,HSP90AA1
hsa-miR-421,COPA
hsa-miR-421,RAB11FIP1
hsa-miR-421,RHOB
hsa-miR-421,PSME1
hsa-miR-421,MCFD2
hsa-miR-421,CNOT1
hsa-miR-421,ZC3H7B
hsa-miR-421,AMZ2
hsa-miR-421,HTT
hsa-miR-421,LBR
hsa-miR-421,NCDN
hsa-miR-421,RASL10B
hsa-miR-421,RIF1
hsa-miR-421,EEF1A1
hsa-miR-421,ITPK1
hsa-miR-421,RPS10
hsa-miR-421,FAM168B
hsa-miR-421,CMAS
hsa-miR-421,TRIM27
hsa-miR-421,NR3C1
hsa-miR-421,ZXDA
hsa-miR-421,SFXN1
hsa-miR-421,DFFB
hsa-miR-421,RASAL1
hsa-miR-421,KIAA0100
hsa-miR-421,CD276
hsa-miR-421,RHOBTB2
hsa-miR-421,SMCHD1
hsa-miR-421,FAM32A
hsa-miR-421,RAB26
hsa-miR-421,TMEM109
hsa-miR-421,PRCC
hsa-miR-421,PPP2CB
hsa-miR-421,PHLPP2
hsa-miR-421,RALGAPB
hsa-miR-421,HADHA
hsa-miR-3687,RAI1
hsa-miR-3687,KIAA0355
hsa-miR-3687,PPARGC1B
hsa-miR-421,CASP3
hsa-miR-3609,SGPL1
hsa-miR-573,TBCEL
hsa-miR-3609,CCND1
hsa-miR-3609,MED17
hsa-miR-3609,BTG2
hsa-miR-3609,GPR137B
hsa-miR-3609,ACVR1B
hsa-miR-568,PUM1
hsa-miR-573,TXLNA
hsa-miR-573,FNDC3A
hsa-miR-3609,TPRG1L
hsa-miR-3609,ZFYVE21
hsa-miR-3609,FOXJ3
hsa-miR-573,FANCM
hsa-miR-3609,FCF1
hsa-miR-4477b,RNF11
hsa-miR-568,B2M
hsa-miR-3609,B2M
hsa-miR-573,GLCE
hsa-miR-4477b,ARIH1
hsa-miR-3609,IGF1R
hsa-miR-573,PHF13
hsa-miR-1267,SF3B3
hsa-miR-4477b,GID4
hsa-miR-573,SMCR8
hsa-miR-568,NUFIP2
hsa-miR-3609,KRT10
hsa-miR-421,PNPO
hsa-miR-1299,VAMP3
hsa-miR-568,PMAIP1
hsa-miR-3609,ZCCHC2
hsa-miR-573,PKN2
hsa-miR-3609,MIDN
hsa-miR-573,ZNF460
hsa-miR-3609,FMNL2
hsa-miR-3609,UBXN2A
hsa-miR-568,PIM3
hsa-miR-568,LCLAT1
hsa-miR-568,B3GNT2
hsa-miR-3609,ACTR2
hsa-miR-3167,MAT2A
hsa-miR-3609,PLS1
hsa-miR-3609,EIF4A2
hsa-miR-4477b,ZBTB47
hsa-miR-3609,APPL1
hsa-miR-3609,THAP6
hsa-miR-568,ZSWIM6
hsa-miR-568,LHFPL2
hsa-miR-3609,SMIM13
hsa-miR-4477b,PCMT1
hsa-miR-3609,MYLIP
hsa-miR-573,SOX4
hsa-miR-568,VEGFA
hsa-miR-573,ENPP4
hsa-miR-1255a,SRRT
hsa-miR-3609,SP4
hsa-miR-3609,XIAP
hsa-miR-621,KLHL15
hsa-miR-4705,NDUFS3
hsa-miR-3609,AKAP11
hsa-miR-3609,RAB5B
hsa-miR-621,DAD1
hsa-miR-4477b,RNF138
hsa-miR-1299,GNAS
hsa-miR-3609,SIK1
hsa-miR-3167,IKZF2
hsa-miR-3609,YTHDF3
hsa-miR-421,XIAP
hsa-miR-4477b,PAFAH1B2
hsa-miR-3609,POU2F1
hsa-miR-3609,ZBTB37
hsa-miR-3609,ULK1
hsa-miR-568,ZNF268
hsa-miR-3609,CLIC4
hsa-miR-1255a,PCBP2
hsa-miR-3609,PCBP2
hsa-miR-3609,DYRK2
hsa-miR-3609,RAP1B
hsa-miR-3609,BTF3L4
hsa-miR-568,MPRIP
hsa-miR-1255a,TAOK1
hsa-miR-421,ZNF652
hsa-miR-3609,ZNF805
hsa-miR-1255a,NAA20
hsa-miR-4477b,CAB39
hsa-miR-1267,PTMA
hsa-miR-568,MTHFD2
hsa-miR-1267,ELMOD2
hsa-miR-3609,RBPJ
hsa-miR-3609,REST
hsa-miR-3609,KIAA0232
hsa-miR-3609,DCK
hsa-miR-621,GRPEL2
hsa-miR-621,MIER3
hsa-miR-621,FOXO3
hsa-miR-3609,CAV1
hsa-miR-573,ZKSCAN5
hsa-miR-573,RAD23B
hsa-miR-4477b,GTF3C4
hsa-miR-3609,AKAP17A
hsa-miR-573,KAT6B
hsa-miR-4477b,TPM4
hsa-miR-3609,ZNF714
hsa-miR-3609,FNBP1L
hsa-miR-573,RAB32
hsa-miR-573,ZNF264
hsa-miR-3609,FOXC1
hsa-miR-3609,LAPTM4B
hsa-miR-3609,SCD
hsa-miR-4477b,BUB3
hsa-miR-573,ARID5B
hsa-miR-3609,SAMD8
hsa-miR-568,ATP2A2
hsa-miR-621,PAWR
hsa-miR-1299,SESN2
hsa-miR-568,AKIRIN1
hsa-miR-621,ALDH1A2
hsa-miR-1255a,KCTD5
hsa-miR-3609,NFAT5
hsa-miR-4477b,TERF2IP
hsa-miR-621,MAF
hsa-miR-573,DCAF7
hsa-miR-3167,TPM4
hsa-miR-3609,TPM4
hsa-miR-3609,BCL2L11
hsa-miR-568,CRIM1
hsa-miR-1299,B3GNT2
hsa-miR-3609,NPNT
hsa-miR-3609,ISOC1
hsa-miR-568,C5orf24
hsa-miR-1255a,ITGA2
hsa-miR-568,MIER3
hsa-miR-3609,OCLN
hsa-miR-3609,NUS1
hsa-miR-421,ID4
hsa-miR-573,E2F3
hsa-miR-1299,CCDC71L
hsa-miR-4705,KIAA1549
hsa-miR-573,STAM
hsa-miR-568,AIMP1
hsa-miR-3609,PAFAH1B2
hsa-miR-568,SPPL3
hsa-miR-3167,TOMM20
hsa-miR-3609,STMN1
hsa-miR-1299,TMPO
hsa-miR-3609,ATP6V0B
hsa-miR-3609,SRSF11
hsa-miR-568,RAC3
hsa-miR-3609,SGMS2
hsa-miR-4705,MIER3
hsa-miR-4477b,TAOK1
hsa-miR-4705,GOLGA8A
hsa-miR-621,MARVELD2
hsa-miR-1255a,HIPK1
hsa-miR-3609,RLIM
hsa-miR-573,MCAM
hsa-miR-421,FOXO4
hsa-miR-573,ARHGAP26
hsa-miR-4477b,SEPT3
hsa-miR-1255a,C1orf109
hsa-miR-1299,BACE2
hsa-miR-3167,NDRG1
hsa-miR-4705,NDRG1
hsa-miR-3609,NRIP3
hsa-miR-573,OR2D2
hsa-miR-3609,LLPH
hsa-miR-1267,C12orf73
hsa-miR-573,TRIQK
hsa-miR-3167,ABCG2
hsa-miR-573,CLCN3
hsa-miR-3609,SREK1IP1
hsa-miR-3609,ZNF623
hsa-miR-4477b,UNC5C
hsa-miR-1255a,GAS7
hsa-miR-568,TMEM251
hsa-miR-1299,DCAF4
hsa-miR-1299,CD274
hsa-miR-573,PLXDC2
hsa-miR-3609,TBC1D8
hsa-miR-568,PCCA
hsa-miR-1255a,POFUT1
hsa-miR-621,PABPC1L2B
hsa-miR-621,PABPC1L2A
hsa-miR-568,TBX18
hsa-miR-1267,TBX18
hsa-miR-573,BRCC3
hsa-miR-1299,HMCN1
hsa-miR-4477b,TSC22D2
hsa-miR-1299,ZNF37A
hsa-miR-1299,OCA2
hsa-miR-573,ZFAND4
hsa-miR-1267,PLSCR1
hsa-miR-573,OAS2
hsa-miR-4477b,ATAD5
hsa-miR-573,STK17A
hsa-miR-1299,TRIM25
hsa-miR-568,MOB1B
hsa-miR-573,ZNF439
hsa-miR-3609,NUPL2
hsa-miR-573,CANX
hsa-miR-3609,WDR77
hsa-miR-573,HS3ST1
hsa-miR-3609,WNK3
hsa-miR-3609,TSR1
hsa-miR-3609,TP53INP1
hsa-miR-573,TNFAIP3
hsa-miR-573,SLC45A4
hsa-miR-573,PLCG1
hsa-miR-3609,GLIS3
hsa-miR-573,DR1
hsa-miR-3167,CLCN6
hsa-miR-573,ZNHIT3
hsa-miR-573,BMPR1A
hsa-miR-1299,C1orf109
hsa-miR-573,EHD3
hsa-miR-1299,EHD3
hsa-miR-3609,TMEM9B
hsa-miR-1299,ADAMTS5
hsa-miR-573,ADM
hsa-miR-573,PGGT1B
hsa-miR-573,GPR107
hsa-miR-1255a,PIN1
hsa-miR-1255a,ALDH3B1
hsa-miR-4705,TMEM68
hsa-miR-4477b,RPL30
hsa-miR-1255a,EIF5AL1
hsa-miR-3609,ZNF3
hsa-miR-3609,CRCP
hsa-miR-421,CEBPD
hsa-miR-4477b,COMMD5
hsa-miR-4705,AP1S3
hsa-miR-421,MTAP
hsa-miR-3609,NEDD9
hsa-miR-3609,AAED1
hsa-miR-573,RXRB
hsa-miR-1255a,C6orf106
hsa-miR-1255a,MRPL9
hsa-miR-4477b,CRB1
hsa-miR-1255a,NCR3LG1
hsa-miR-1255a,MRPL12
hsa-miR-3609,FUT10
hsa-miR-1255a,RNF185
hsa-miR-3609,CD55
hsa-miR-1255a,SAMD4B
hsa-miR-421,VPS37C
hsa-miR-1255a,KIAA1191
hsa-miR-3609,S100A11
hsa-miR-421,TM9SF1
hsa-miR-621,ACTR3B
hsa-miR-1255a,MPDU1
hsa-miR-3609,AKR7A2
hsa-miR-4477b,SETX
hsa-miR-4705,STS
hsa-miR-3167,ZNF507
hsa-miR-3167,ZNF131
hsa-miR-568,ZKSCAN8
hsa-miR-3609,ZFYVE9
hsa-miR-3609,ZBTB33
hsa-miR-1255a,VPS28
hsa-miR-421,VMP1
hsa-miR-1255a,TROVE2
hsa-miR-3609,TRIP10
hsa-miR-3609,TMEM64
hsa-miR-3609,THBS1
hsa-miR-3609,TFAM
hsa-miR-3167,TAOK1
hsa-miR-568,SLITRK4
hsa-miR-3609,SLC22A23
hsa-miR-568,SKIL
hsa-miR-1255a,RNF168
hsa-miR-573,RNF144B
hsa-miR-4477b,RDH10
hsa-miR-3609,PXK
hsa-miR-3609,PURB
hsa-miR-1267,PPP1R15B
hsa-miR-3609,PPP1R15B
hsa-miR-621,PPP1R15B
hsa-miR-1255a,PLXND1
hsa-miR-1255a,PLAGL2
hsa-miR-1255a,PDPR
hsa-miR-3609,NUFIP2
hsa-miR-3609,NPAT
hsa-miR-3609,NIN
hsa-miR-3687,MEMO1
hsa-miR-1255a,MEF2D
hsa-miR-568,MCFD2
hsa-miR-4705,MCFD2
hsa-miR-1255a,MAPK1
hsa-miR-573,LRRC58
hsa-miR-3609,LARP1
hsa-miR-3609,KLF6
hsa-miR-1255a,IFNLR1
hsa-miR-3609,HSPA8
hsa-miR-568,GXYLT1
hsa-miR-1255a,GRB2
hsa-miR-1255a,GATAD2B
hsa-miR-3609,G2E3
hsa-miR-3609,FEM1B
hsa-miR-3609,FBXL5
hsa-miR-3609,F3
hsa-miR-568,ETV3
hsa-miR-3609,ERGIC2
hsa-miR-4477b,ELMSAN1
hsa-miR-3167,DNAJB9
hsa-miR-4705,DENND5B
hsa-miR-4477b,DDX6
hsa-miR-573,DDN
hsa-miR-3609,DCAF8
hsa-miR-1255a,CPS1
hsa-miR-3609,COIL
hsa-miR-3609,CNOT6L
hsa-miR-1255a,CKS2
hsa-miR-1255a,CHTF8
hsa-miR-3609,CHSY1
hsa-miR-1299,CCND1
hsa-miR-4477b,CAPRIN2
hsa-miR-4477b,CAND1
hsa-miR-4477b,CAD
hsa-miR-3167,C8orf58
hsa-miR-3167,C8orf4
hsa-miR-3609,BZW1
hsa-miR-3609,BMP2
hsa-miR-3609,ATXN7L3B
hsa-miR-3609,ATL3
hsa-miR-3609,APEX1
hsa-miR-3609,ANKRD11
hsa-miR-3609,ANKH
hsa-miR-573,DYNLL1
hsa-miR-4477b,TYRP1
hsa-miR-1267,PIP4K2A
hsa-miR-1255a,GPX7
hsa-miR-1299,ZNFX1
hsa-miR-3609,ZNFX1
hsa-miR-3609,ZFYVE26
hsa-miR-3609,RRAS2
hsa-miR-3609,PTP4A1
hsa-miR-3167,CALM2
hsa-miR-1299,ZFP36
hsa-miR-1299,UBBP4
hsa-miR-1299,DHCR24
hsa-miR-4705,VPS13B
hsa-miR-573,ADPRHL1
hsa-miR-573,CLN8
hsa-miR-421,ARHGAP22
hsa-miR-1255a,MNT
hsa-miR-3609,UGCG
hsa-miR-3609,SEMA7A
hsa-miR-3609,MKNK2
hsa-miR-3609,KIAA0513
hsa-miR-3609,HBP1
hsa-miR-568,GNG5
hsa-miR-4705,FSCN1
hsa-miR-568,DUSP2
hsa-miR-3609,DUSP2
hsa-miR-3609,CAPN15
hsa-miR-3609,ANKRD33B
hsa-miR-4705,PLEKHA3
hsa-miR-4705,SLC2A13
hsa-miR-568,GCK
hsa-miR-4477b,SPRY1
hsa-miR-421,FAM155B
hsa-miR-568,SH3BP5
hsa-miR-1267,REPS1
hsa-miR-1299,METTL8
hsa-miR-3609,FAM46A
hsa-miR-573,MTR
hsa-miR-3609,FEM1C
hsa-miR-3609,ABHD17B
hsa-miR-1255a,LITAF
hsa-miR-421,CBWD1
hsa-miR-421,CBWD5
hsa-miR-573,GPR137C
hsa-miR-3609,KIAA1191
hsa-miR-3609,TMEM127
hsa-miR-573,SMAD7
hsa-miR-3609,PTPN4
hsa-miR-421,PPTC7
hsa-miR-3609,MAPRE3
hsa-miR-573,MAPK1
hsa-miR-3609,GIGYF1
hsa-miR-3167,CTC1
hsa-miR-573,CAMSAP2
hsa-miR-3609,GINS4
hsa-miR-3609,MDM2
hsa-miR-3609,ZNF780A
hsa-miR-3609,TMEM242
hsa-miR-3609,C9orf40
hsa-miR-573,VAV3
hsa-miR-573,TXNIP
hsa-miR-568,TMEM167A
hsa-miR-3609,SRSF2
hsa-miR-3609,SEPT2
hsa-miR-3609,RAB11FIP1
hsa-miR-3167,PRDX3
hsa-miR-3609,PFKP
hsa-miR-421,PDPK1
hsa-miR-3609,NAGK
hsa-miR-3609,NACC2
hsa-miR-3609,MSANTD4
hsa-miR-3609,MARCH6
hsa-miR-568,LZIC
hsa-miR-3609,LZIC
hsa-miR-3609,KIAA1147
hsa-miR-3609,FZD9
hsa-miR-3609,FOXK2
hsa-miR-3609,FAM129A
hsa-miR-568,EIF1AX
hsa-miR-573,CPEB4
hsa-miR-1267,CDKN1B
hsa-miR-3167,ATXN1
hsa-miR-3609,ANKRD52
hsa-miR-1299,ZNF850
hsa-miR-3609,ZNF850
hsa-miR-1255a,TMEM106B
hsa-miR-421,TSC22D3
hsa-miR-621,ACTG1
hsa-miR-421,GALK2
hsa-miR-1255a,C8orf37
hsa-miR-1255a,SLC2A3
hsa-miR-1299,PRRX1
hsa-miR-3609,NIPA1
hsa-miR-3609,KLHL36
hsa-miR-4477b,HSPA13
hsa-miR-573,HNRNPF
hsa-miR-573,BTBD19
hsa-miR-1299,STEAP3
hsa-miR-3609,CD59
hsa-miR-3609,NARS
hsa-miR-568,SLC7A14
hsa-miR-3167,TOR1B
hsa-miR-3167,PER1
hsa-miR-3609,GRB10
hsa-miR-621,CNOT6
hsa-miR-3609,CEP97
hsa-miR-3609,CENPQ
hsa-miR-3609,BNIP2
hsa-miR-3609,EPS15L1
hsa-miR-3167,RBM4B
hsa-miR-3609,DNTTIP2
hsa-miR-573,IFNGR1
hsa-miR-3609,COX19
hsa-miR-3609,ITM2C
hsa-miR-568,TRIM35
hsa-miR-3167,ALG1
hsa-miR-3167,TIMELESS
hsa-miR-568,ZNF609
hsa-miR-1299,YOD1
hsa-miR-421,UBE2D3
hsa-miR-573,RPP14
hsa-miR-573,PPIG
hsa-miR-573,PHIP
hsa-miR-4477b,HIST1H3E
hsa-miR-3167,HIST1H3E
hsa-miR-3609,CRLF3
hsa-miR-3609,BTG3
hsa-miR-4477b,ARPP19
hsa-miR-3609,ZNF93
hsa-miR-4705,SYNM
hsa-miR-4705,USP51
hsa-miR-421,SLC6A13
hsa-miR-421,PARP11
hsa-miR-3167,PLEKHG2
hsa-miR-3609,SERF1B
hsa-miR-3167,HTR7
hsa-miR-421,BTRC
hsa-miR-568,PIGN
hsa-miR-421,TRIM4
hsa-miR-3609,H1F0
hsa-miR-3167,P2RX7
hsa-miR-1299,PAGR1
hsa-miR-1255a,ALG10B
hsa-miR-3167,P2RY1
hsa-miR-573,PEX13
hsa-miR-1255a,CYGB
hsa-miR-1255a,ZNF333
hsa-miR-4477b,ZNF626
hsa-miR-3609,ZNF264
hsa-miR-3609,MTPAP
hsa-miR-3609,RTTN
hsa-miR-421,SYT4
hsa-miR-3167,VPS4A
hsa-miR-1267,VKORC1L1
hsa-miR-3609,U2SURP
hsa-miR-3167,TXLNG
hsa-miR-3609,TGFBR2
hsa-miR-3609,TBL1XR1
hsa-miR-3609,STC2
hsa-miR-3167,RORA
hsa-miR-3609,RNASEH1
hsa-miR-1267,RAVER2
hsa-miR-573,PLEKHB2
hsa-miR-573,PIWIL2
hsa-miR-1299,PEX5L
hsa-miR-573,PDIK1L
hsa-miR-1267,PARVB
hsa-miR-1299,NUDT21
hsa-miR-4705,MTSS1L
hsa-miR-4477b,MAML3
hsa-miR-1267,LIMA1
hsa-miR-421,JARID2
hsa-miR-421,IGF1
hsa-miR-1267,HSPA4L
hsa-miR-1255a,GPR137C
hsa-miR-4477b,GOLGA3
hsa-miR-1255a,EPHA2
hsa-miR-3167,EPB41L1
hsa-miR-3609,ELAVL2
hsa-miR-3609,EIF4H
hsa-miR-573,EIF6
hsa-miR-3609,DNAJC10
hsa-miR-1255a,DNAJB4
hsa-miR-4477b,CLDN12
hsa-miR-1299,CCT5
hsa-miR-3609,CAPRIN2
hsa-miR-573,BTBD1
hsa-miR-3167,BRI3BP
hsa-miR-1299,AVL9
hsa-miR-573,ADARB2
hsa-miR-1267,ABCF1
hsa-miR-3609,EIF3H
hsa-miR-421,RGR
hsa-miR-1255a,UTP6
hsa-miR-3609,GLO1
hsa-miR-3609,ZC3HAV1
hsa-miR-3609,PEX2
hsa-miR-4705,SLC25A46
hsa-miR-3609,SLC25A46
hsa-miR-3609,WDR13
hsa-miR-3609,RPS15A
hsa-miR-3609,KLHL15
hsa-miR-3609,GDF11
hsa-miR-573,FICD
hsa-miR-568,ACTR6
hsa-miR-3609,RPF2
hsa-miR-4477b,COCH
hsa-miR-3609,IFNGR1
hsa-miR-568,SLC25A46
hsa-miR-621,SLC25A46
hsa-miR-1255a,ZKSCAN8
hsa-miR-1255a,BASP1
hsa-miR-568,C15orf40
hsa-miR-3609,ADAMTS9
hsa-miR-3609,HIST1H2BD
hsa-miR-1299,ZC3H4
hsa-miR-421,TPRG1L
hsa-miR-3609,TNFRSF21
hsa-miR-3609,TMEM200C
hsa-miR-621,RORA
hsa-miR-3609,RAP2C
hsa-miR-3609,RAB4A
hsa-miR-3609,PLRG1
hsa-miR-568,MED13
hsa-miR-4705,GOLGA8B
hsa-miR-4477b,GFPT1
hsa-miR-3609,FJX1
hsa-miR-1255a,EPHA4
hsa-miR-3609,EPHA4
hsa-miR-3609,ENPP5
hsa-miR-3609,EGLN3
hsa-miR-1299,EEF2
hsa-miR-3609,CERCAM
hsa-miR-1255a,CCND2
hsa-miR-3609,C16orf70
hsa-miR-3609,ATXN1
hsa-miR-3609,ADAR
hsa-miR-568,NDUFA6
hsa-miR-568,ARL13B
hsa-miR-3609,LUZP2
hsa-miR-421,RSRC1
hsa-miR-1255a,MDM2
hsa-miR-3609,TRAPPC2
hsa-miR-3609,TAF6
hsa-miR-1255a,ZNF766
hsa-miR-3609,PVR
hsa-miR-573,DCTPP1
hsa-miR-4477b,ZNF267
hsa-miR-621,ZNF704
hsa-miR-3609,ZBTB18
hsa-miR-568,YY1
hsa-miR-3609,YWHAZ
hsa-miR-3167,USP48
hsa-miR-3609,USP48
hsa-miR-3609,TNKS2
hsa-miR-573,SIPA1L2
hsa-miR-3609,SIPA1L2
hsa-miR-3609,SH3GLB1
hsa-miR-3609,SAMD12
hsa-miR-3609,RUFY2
hsa-miR-3609,RRN3
hsa-miR-3609,RPS6KA5
hsa-miR-568,RHOC
hsa-miR-3609,RHOC
hsa-miR-3609,RGMB
hsa-miR-3609,RAB39B
hsa-miR-1299,PURB
hsa-miR-3609,PTPDC1
hsa-miR-421,PRICKLE2
hsa-miR-3609,PRICKLE2
hsa-miR-3609,MAPK1
hsa-miR-421,GOSR1
hsa-miR-421,GAS1
hsa-miR-3609,FOXJ2
hsa-miR-4477b,EFCAB14
hsa-miR-3609,EFCAB14
hsa-miR-3609,DNAJC28
hsa-miR-4705,DICER1
hsa-miR-568,DGKH
hsa-miR-1267,CUL2
hsa-miR-421,CSNK1A1
hsa-miR-4477b,CNOT6L
hsa-miR-3167,CBX1
hsa-miR-3609,CBX1
hsa-miR-3609,CAMLG
hsa-miR-1267,ATP5G3
hsa-miR-4705,ATP11C
hsa-miR-3609,ARSJ
hsa-miR-573,ARL8A
hsa-miR-573,RBM23
hsa-miR-573,HIPK1
hsa-miR-4705,TRIM38
hsa-miR-1267,SYNCRIP
hsa-miR-3609,TXNIP
hsa-miR-421,TUBB2A
hsa-miR-1299,TRIB3
hsa-miR-1267,SOX4
hsa-miR-421,REST
hsa-miR-3167,KIAA0895
hsa-miR-3609,HMGB2
hsa-miR-573,GLO1
hsa-miR-4477b,EIF2S2
hsa-miR-3609,CCDC71L
hsa-miR-568,ANP32A
hsa-miR-621,KIAA1456
hsa-miR-3609,LRPAP1
hsa-miR-3609,TRIM27
hsa-miR-568,C6orf48
hsa-miR-568,CLVS2
hsa-miR-4477b,SDE2
hsa-miR-3167,TTLL12
hsa-miR-421,YTHDF1
hsa-miR-1299,WTAP
hsa-miR-421,UQCRFS1
hsa-miR-421,TXNRD1
hsa-miR-3609,SMG1
hsa-miR-4705,RCC2
hsa-miR-421,RACGAP1
hsa-miR-421,QSER1
hsa-miR-4477b,PTBP1
hsa-miR-1267,PAWR
hsa-miR-4705,NUS1
hsa-miR-4477b,NUFIP2
hsa-miR-3609,LRP12
hsa-miR-3609,KCNB1
hsa-miR-3609,ITGB1
hsa-miR-4477b,GNG5
hsa-miR-4477b,GNG12
hsa-miR-3609,FGFR1OP
hsa-miR-3609,FAM210A
hsa-miR-568,EIF5
hsa-miR-3609,DGAT2
hsa-miR-1255a,CRKL
hsa-miR-3609,CRK
hsa-miR-4705,AMACR
hsa-miR-1267,INSIG1
hsa-miR-3609,RBM12B
hsa-miR-3609,CKAP2
hsa-miR-3609,F2R
hsa-miR-573,SYT9
hsa-miR-3167,ZNF256
hsa-miR-1299,RPRD2
hsa-miR-3609,RPRD2
hsa-miR-3609,NKIRAS1
hsa-miR-1255a,LCOR
hsa-miR-1255a,DNAJC24
hsa-miR-3609,DESI1
hsa-miR-3609,C18orf32
hsa-miR-568,BTN3A3
hsa-miR-4477b,ANP32E
hsa-miR-3167,AKR7A2
hsa-miR-3609,LIMA1
hsa-miR-3609,SNAP47
hsa-miR-4477b,CMTM6
hsa-miR-1255a,ZBTB37
hsa-miR-1255a,SLC7A5
hsa-miR-3167,RPS16
hsa-miR-1299,KLHL15
hsa-miR-573,HNRNPA0
hsa-miR-3609,HAUS8
hsa-miR-568,ARRB1
hsa-miR-1255a,ENDOD1
hsa-miR-3609,PRKCB
hsa-miR-573,MAPKAPK5
hsa-miR-1299,CNOT6
hsa-miR-421,MYBPC1
hsa-miR-3609,BRI3BP
hsa-miR-3167,RBMXL1
hsa-miR-3167,SRRM4
hsa-miR-1255a,ICAM1
hsa-miR-573,ZNF106
hsa-miR-421,VSIG10
hsa-miR-421,TNRC6C
hsa-miR-1299,SMOC2
hsa-miR-621,CEP72
hsa-miR-3609,SH3KBP1
hsa-miR-421,RREB1
hsa-miR-1267,MVK
hsa-miR-1299,CCDC158
hsa-miR-3609,FAXC
hsa-miR-421,FAM89A
hsa-miR-3609,MEMO1
hsa-miR-1267,GATAD1
hsa-miR-568,RUNX1T1
hsa-miR-3609,FAM126B
hsa-miR-3167,FUT11
hsa-miR-1267,CCS
hsa-miR-1267,MTO1
hsa-miR-3167,HSPD1
hsa-miR-1299,ZNF326
hsa-miR-573,FBXL4
hsa-miR-1267,WSCD2
hsa-miR-4477b,TFCP2
hsa-miR-421,TCF7L2
hsa-miR-1299,SSBP2
hsa-miR-3609,KCNK10
hsa-miR-421,INTU
hsa-miR-421,FBXL16
hsa-miR-1267,DGKE
hsa-miR-3609,CBX8
hsa-miR-4477b,AAGAB
hsa-miR-3609,C15orf41
hsa-miR-568,PLCXD1
hsa-miR-1267,MKLN1
hsa-miR-4705,SRSF7
hsa-miR-421,CSE1L
hsa-miR-1267,ANO8
hsa-miR-1267,HS3ST1
hsa-miR-1267,TSHZ2
hsa-miR-1267,TAS2R5
hsa-miR-568,SRRM4
hsa-miR-1255a,RAPGEF1
hsa-miR-1267,UNC13A
hsa-miR-573,RAB13
hsa-miR-1267,DUSP18
hsa-miR-3609,PAK6
hsa-miR-1267,MYH11
hsa-miR-1267,LRCH3
hsa-miR-1267,CDK4
hsa-miR-1267,BAMBI
hsa-miR-1267,IBA57
hsa-miR-4705,IBA57
hsa-miR-1299,R3HDM2
hsa-miR-1267,RGS9BP
hsa-miR-1267,OLA1
hsa-miR-1267,SLC1A5
hsa-miR-1267,PLXDC2
hsa-miR-421,CD226
hsa-miR-1267,CRK
hsa-miR-1255a,SLC1A1
hsa-miR-3609,OSTM1
hsa-miR-1267,ERVMER34-1
hsa-miR-1299,EPB41
hsa-miR-421,TET1
hsa-miR-573,PITPNB
hsa-miR-3609,USP32
hsa-miR-4477b,MYADM
hsa-miR-1267,C18orf21
hsa-miR-1267,ZNF829
hsa-miR-4705,KANSL3
hsa-miR-4705,ABCC12
hsa-miR-421,ZNF208
hsa-miR-1299,PIGS
hsa-miR-4477b,NEBL
hsa-miR-1267,DFFA
hsa-miR-1267,ORAI2
hsa-miR-1267,DZIP1L
hsa-miR-1299,FAIM2
hsa-miR-1267,NFX1
hsa-miR-3167,RGS5
hsa-miR-568,TRIP10
hsa-miR-4477b,C15orf40
hsa-miR-421,POLG
hsa-miR-1267,TEP1
hsa-miR-4705,PTCD3
hsa-miR-4705,DUSP4
hsa-miR-3167,WASF2
hsa-miR-4705,RWDD1
hsa-miR-1267,RPS6KA5
hsa-miR-1299,RBMS3
hsa-miR-1299,RBM23
hsa-miR-1267,PEX26
hsa-miR-573,PCP4L1
hsa-miR-421,NPTX1
hsa-miR-421,NFE2L1
hsa-miR-1299,NDST1
hsa-miR-1299,MYRF
hsa-miR-4477b,MYO10
hsa-miR-573,MARK1
hsa-miR-421,KCNN3
hsa-miR-421,KCNMB4
hsa-miR-4477b,JARID2
hsa-miR-3167,EMP2
hsa-miR-4477b,EIF5A2
hsa-miR-1267,DPY19L4
hsa-miR-4705,CUL3
hsa-miR-1299,CD226
hsa-miR-4477b,BLOC1S5
hsa-miR-4477b,ANAPC1
hsa-miR-4705,BMPR1B
hsa-miR-4705,NFKBID
hsa-miR-1267,MTAP
hsa-miR-1267,MCM8
hsa-miR-1267,MRI1
hsa-miR-1267,HSD17B12
hsa-miR-3167,METTL16
hsa-miR-3609,LIAS
hsa-miR-1267,PTCD3
hsa-miR-4477b,ZBTB3
hsa-miR-1299,TIAF1
hsa-miR-1267,TCEANC2
hsa-miR-4705,SMARCC1
hsa-miR-1267,SBNO1
hsa-miR-1267,RNF170
hsa-miR-1267,RBM23
hsa-miR-573,MYO5A
hsa-miR-1299,MYO18A
hsa-miR-1267,MAPK14
hsa-miR-1267,KDELR1
hsa-miR-1267,ESYT2
hsa-miR-1267,CNKSR3
hsa-miR-1267,CEP128
hsa-miR-1267,ELP2
hsa-miR-1267,CD226
hsa-miR-1255a,FUS
hsa-miR-1267,UBE2V2
hsa-miR-1267,LRRC2
hsa-miR-1267,C1orf50
hsa-miR-1267,UBE2G2
hsa-miR-1267,PLA2G16
hsa-miR-1267,DCTN6
hsa-miR-3687,ATXN3
hsa-miR-1267,RBBP4
hsa-miR-1267,SLC16A1
hsa-miR-3687,TTPAL
hsa-miR-1267,SNAP29
hsa-miR-568,JAK2
hsa-miR-1299,GTF3C4
hsa-miR-1267,KIAA1143
hsa-miR-568,KATNAL1
hsa-miR-3609,CPS1
hsa-miR-3167,PGPEP1
hsa-miR-421,SOD2
hsa-miR-4705,ZMYM1
hsa-miR-3609,THEM4
hsa-miR-3167,ZNF707
hsa-miR-421,ZFP64
hsa-miR-1267,HNRNPA1L2
hsa-miR-3609,RBMXL1
hsa-miR-1299,TFRC
hsa-miR-4705,TFRC
hsa-miR-1299,SSR2
hsa-miR-3167,SSR2
hsa-miR-3609,SFT2D2
hsa-miR-4477b,RUFY2
hsa-miR-568,RUFY2
hsa-miR-3167,RPP25
hsa-miR-4477b,RNF38
hsa-miR-3167,RFWD3
hsa-miR-573,RABGEF1
hsa-miR-1299,PPP1R11
hsa-miR-421,NEGR1
hsa-miR-3609,MINK1
hsa-miR-4705,LEPROT
hsa-miR-1267,HNRNPA1
hsa-miR-3609,HIPK3
hsa-miR-3609,HIF1A
hsa-miR-621,CTPS1
hsa-miR-1267,CPEB4
hsa-miR-421,COL4A1
hsa-miR-1267,C5orf15
hsa-miR-421,BAHD1
hsa-miR-1299,ATP1B3
hsa-miR-4705,ASH1L
hsa-miR-1267,GPR155
hsa-miR-1267,ANKRD36
hsa-miR-1267,ST3GAL1
hsa-miR-1267,THAP6
hsa-miR-1267,FANCC
hsa-miR-1267,MED29
hsa-miR-1299,TMEM184B
hsa-miR-568,CHORDC1
hsa-miR-1267,SLC25A12
hsa-miR-4705,NLGN1
hsa-miR-573,C3orf18
hsa-miR-568,SLC35F6
hsa-miR-1267,BTD
hsa-miR-1267,CYYR1
hsa-miR-3687,GDF7
hsa-miR-621,COX6B1
hsa-miR-421,CCDC39
hsa-miR-1267,ZFP30
hsa-miR-573,MED8
hsa-miR-4705,RPL10A
hsa-miR-421,BACE1
hsa-miR-1267,BACE1
hsa-miR-1255a,KAT7
hsa-miR-573,FKTN
hsa-miR-568,STRN
hsa-miR-621,STRN
hsa-miR-421,MAZ
hsa-miR-4477b,PSME4
hsa-miR-1299,TMEM151A
hsa-miR-3167,PYGO1
hsa-miR-1267,NR2F6
hsa-miR-1255a,CAMK4
hsa-miR-3687,FLYWCH1
hsa-miR-1267,SERP1
hsa-miR-4477b,ZBTB8B
hsa-miR-421,TLK1
hsa-miR-1299,BEND6
hsa-miR-573,ANKRD6
hsa-miR-4705,PABPC1
hsa-miR-4705,CGN
hsa-miR-4705,RBM28
hsa-miR-3609,PEA15
hsa-miR-421,CDH1
hsa-miR-421,SIRT3
hsa-miR-573,FGFR1
hsa-miR-1255a,AGO2
hsa-miR-1255a,DCXR
hsa-miR-1255a,EIF5A
hsa-miR-1255a,FAM102A
hsa-miR-1255a,FOXP4
hsa-miR-1255a,HDGF
hsa-miR-1255a,HIC2
hsa-miR-1255a,NUP62
hsa-miR-1255a,PISD
hsa-miR-1255a,PTK7
hsa-miR-1255a,PXN
hsa-miR-1255a,SPATA2
hsa-miR-1255a,SRD5A3
hsa-miR-1255a,STK10
hsa-miR-1255a,TPI1
hsa-miR-1255a,UBL5
hsa-miR-1255a,YWHAZ
hsa-miR-1255a,ZFP91
hsa-miR-1267,ATP6V0E1
hsa-miR-1267,KDM6B
hsa-miR-1299,AMBRA1
hsa-miR-1299,BSG
hsa-miR-1299,HLA-C
hsa-miR-1299,IQSEC2
hsa-miR-1299,NACC2
hsa-miR-1299,NCLN
hsa-miR-1299,YY1
hsa-miR-1299,ZSWIM4
hsa-miR-3167,AGAP1
hsa-miR-3167,AURKA
hsa-miR-3167,C1RL
hsa-miR-3167,MAOB
hsa-miR-3167,TMX2
hsa-miR-3609,COL1A1
hsa-miR-3609,FOXK1
hsa-miR-3609,SATB2
hsa-miR-3687,AMH
hsa-miR-3687,TMEM246
hsa-miR-3687,U2AF2
hsa-miR-421,E2F6
hsa-miR-421,SCD
hsa-miR-4477b,EIF1AD
hsa-miR-4477b,KDM2A
hsa-miR-4477b,NUCKS1
hsa-miR-4705,CDK2
hsa-miR-573,CPSF7
hsa-miR-573,DMTN
hsa-miR-573,LARP1
hsa-miR-573,SLC25A23
hsa-miR-621,AMMECR1L
hsa-miR-621,C22orf39
hsa-miR-621,CCDC127
hsa-miR-1255a,HTR5A-AS1
hsa-miR-1255a,ITGA3
hsa-miR-1255a,YWHAB
hsa-miR-1267,ALOX5AP
hsa-miR-1267,CCDC170
hsa-miR-1267,CISD2
hsa-miR-1267,COQ7
hsa-miR-1267,GRSF1
hsa-miR-1267,NUDT3
hsa-miR-1267,PRPF38A
hsa-miR-1267,SMAD2
hsa-miR-1267,ZNF154
hsa-miR-1267,ZNF713
hsa-miR-1299,CANX
hsa-miR-1299,CLCN3
hsa-miR-1299,MLXIP
hsa-miR-3167,CAPZA1
hsa-miR-3167,SLC10A3
hsa-miR-3167,TAPBP
hsa-miR-3609,ARL5A
hsa-miR-3609,DSEL
hsa-miR-3609,EVC
hsa-miR-3609,GLB1L3
hsa-miR-3609,HCCS
hsa-miR-3609,IRAK2
hsa-miR-3609,MDM4
hsa-miR-3609,NCLN
hsa-miR-3609,NR3C1
hsa-miR-3609,PMAIP1
hsa-miR-3609,SESN1
hsa-miR-3687,LDLR
hsa-miR-3687,MFGE8
hsa-miR-421,AP1G1
hsa-miR-421,DGKH
hsa-miR-421,GMNN
hsa-miR-421,LSM4
hsa-miR-421,RIMS4
hsa-miR-421,SPINT2
hsa-miR-421,ZNF219
hsa-miR-4477b,AIDA
hsa-miR-4477b,B3GALNT2
hsa-miR-4477b,KPNA4
hsa-miR-4477b,MDH2
hsa-miR-4477b,NAA10
hsa-miR-4477b,PSENEN
hsa-miR-4477b,RHOF
hsa-miR-4477b,SPRYD4
hsa-miR-4477b,TCAIM
hsa-miR-4705,DBT
hsa-miR-4705,ZMYM4
hsa-miR-4705,ZNF555
hsa-miR-568,BNC2
hsa-miR-573,HCCS
hsa-miR-573,HCFC1
hsa-miR-573,PCGF3
hsa-miR-573,TMEM44
hsa-miR-573,ZBTB34
hsa-miR-573,ZNF18
hsa-miR-621,CDK6
hsa-miR-621,FAM49A
hsa-miR-1255a,NKAIN1
hsa-miR-1255a,NMNAT2
hsa-miR-1255a,ST18
hsa-miR-1267,AKAP5
hsa-miR-1267,ATP5F1
hsa-miR-1267,BTBD19
hsa-miR-1267,CERS4
hsa-miR-1267,ISPD
hsa-miR-1267,LSM10
hsa-miR-1267,MAGT1
hsa-miR-1267,NFKBIB
hsa-miR-1267,NUP62
hsa-miR-1267,PDE3A
hsa-miR-1267,PRKAR2A
hsa-miR-1267,PSMB9
hsa-miR-1267,PTPN14
hsa-miR-1267,PTPN2
hsa-miR-1267,SCIN
hsa-miR-1267,SF3A1
hsa-miR-1267,TIMM50
hsa-miR-1267,WEE1
hsa-miR-1267,ZNF446
hsa-miR-1299,NDRG4
hsa-miR-1299,TRIM56
hsa-miR-3167,ANO8
hsa-miR-3167,ATP5F1
hsa-miR-3167,PPM1K
hsa-miR-3167,PTPN14
hsa-miR-3167,ZNF277
hsa-miR-3167,ZNF502
hsa-miR-4477b,ARSD
hsa-miR-4477b,NT5C2
hsa-miR-4477b,OSBPL6
hsa-miR-573,CNTF
hsa-miR-573,GLRA2
hsa-miR-573,LDHA
hsa-miR-1267,ERC1
hsa-miR-1299,DPY19L3
hsa-miR-1299,SLC30A4
hsa-miR-3609,CPE
hsa-miR-3609,PFKFB3
hsa-miR-421,RGS2
hsa-miR-621,PATZ1
hsa-miR-421,NFYA
hsa-miR-1299,KDM1A
hsa-miR-1299,UPF1
hsa-miR-4705,FBXL3
hsa-miR-421,GDE1
hsa-miR-4705,TMEM98
hsa-miR-1299,AP2B1
hsa-miR-3687,RALA
hsa-miR-421,PHTF2
hsa-miR-1267,KIAA0100
hsa-miR-1267,MYLIP
hsa-miR-1255a,JARID2
hsa-miR-421,CYTH3
hsa-miR-421,NFIX
hsa-miR-1267,SEC62
hsa-miR-1267,CSDE1
hsa-miR-421,CSDE1
hsa-miR-3687,UBE3C
hsa-miR-621,UBE3C
hsa-miR-3609,REV3L
hsa-miR-1299,BAZ1B
hsa-miR-421,ZNF207
hsa-miR-1267,NCAPD2
hsa-miR-421,ZNF200
hsa-miR-3609,TCEB3
hsa-miR-421,BTBD7
hsa-miR-1299,WIZ
hsa-miR-3687,SLC25A39
hsa-miR-1255a,MVP
hsa-miR-421,MATR3
hsa-miR-1299,RALBP1
hsa-miR-421,NDUFS1
hsa-miR-421,AKAP11
hsa-miR-1299,CD44
hsa-miR-3609,NUP160
hsa-miR-1267,CENPQ
hsa-miR-1255a,PIAS1
hsa-miR-421,SLC4A7
hsa-miR-573,NSMAF
hsa-miR-421,TIMP2
hsa-miR-421,TBC1D23
hsa-miR-573,CUL3
hsa-miR-1299,ZZZ3
hsa-miR-421,TLL1
hsa-miR-1267,VCAN
hsa-miR-573,RAI14
hsa-miR-1299,RTN4R
hsa-miR-3687,PHF23
hsa-miR-4705,PHF23
hsa-miR-4705,LSG1
hsa-miR-4705,TNC
hsa-miR-421,CTNNA1
hsa-miR-573,CTNNA1
hsa-miR-573,HSPA5
hsa-miR-421,FAM214A
hsa-miR-3687,MAP4
hsa-miR-3609,CELF2
hsa-miR-421,LTBP1
hsa-miR-4705,HERPUD1
hsa-miR-421,AKR7A2
hsa-miR-421,ARID4B
hsa-miR-421,FOXC1
hsa-miR-4705,SYNE2
hsa-miR-421,RELT
hsa-miR-421,FAM114A2
hsa-miR-421,CYFIP2
hsa-miR-421,KMT2C
hsa-miR-1255a,PUM2
hsa-miR-3609,PUM2
hsa-miR-1299,ZFR
hsa-miR-573,TRAF3IP2
hsa-miR-1255a,ATP11B
hsa-miR-421,ZC3H11A
hsa-miR-421,UNKL
hsa-miR-421,WNK1
hsa-miR-573,WNK1
hsa-miR-421,NCKAP1
hsa-miR-3687,TNK2
hsa-miR-621,EIF4B
hsa-miR-421,RPL18
hsa-miR-1299,HIPK2
hsa-miR-421,HIPK2
hsa-miR-1299,SLC12A2
hsa-miR-421,GNAI3
hsa-miR-421,IPO5
hsa-miR-3609,PKN2
hsa-miR-421,SPEN
hsa-miR-1299,MAP2K4
hsa-miR-573,ASB1
hsa-miR-421,SMARCD1
hsa-miR-1267,ARFGEF1
hsa-miR-421,DDX3Y
hsa-miR-421,ACSL4
hsa-miR-4705,KIF2A
hsa-miR-1255a,NUCKS1
hsa-miR-1267,NUCKS1
hsa-miR-421,NUCKS1
hsa-miR-4705,NUCKS1
hsa-miR-1267,RORA
hsa-miR-421,RORA
hsa-miR-4705,TGFBR3
hsa-miR-1299,EXOC5
hsa-miR-421,EXOC5
hsa-miR-573,EXOC5
hsa-miR-3687,MNT
hsa-miR-421,CSNK2A2
hsa-miR-1267,RAD18
hsa-miR-1299,MAP4K4
hsa-miR-1299,SEL1L
hsa-miR-421,SEL1L
hsa-miR-421,TFRC
hsa-miR-573,TFRC
hsa-miR-4705,AFF4
hsa-miR-4705,SMC1A
hsa-miR-1299,FBXW11
hsa-miR-421,FBXW11
hsa-miR-1255a,XRCC1
hsa-miR-421,KDM5A
hsa-miR-621,PTGS2
hsa-miR-421,MAP3K13
hsa-miR-421,IPCEF1
hsa-miR-421,NUP37
hsa-miR-4705,SEMA3C
hsa-miR-1267,ZNF638
hsa-miR-421,ZNF638
hsa-miR-421,SLC25A3
hsa-miR-1299,FNDC3B
hsa-miR-573,FNDC3B
hsa-miR-3687,ACTB
hsa-miR-4705,ACTB
hsa-miR-4705,KIFAP3
hsa-miR-4705,MKRN2
hsa-miR-421,MAP2K7
hsa-miR-421,TOP2B
hsa-miR-4705,TOP2B
hsa-miR-421,UBE2T
hsa-miR-1299,IL4R
hsa-miR-421,FBLN1
hsa-miR-573,UBE2K
hsa-miR-421,NRD1
hsa-miR-1299,PCM1
hsa-miR-573,CBFA2T2
hsa-miR-421,RUNX1T1
hsa-miR-4705,KIF22
hsa-miR-573,DDX1
hsa-miR-421,RAB21
hsa-miR-1299,SMARCA2
hsa-miR-1299,ARG2
hsa-miR-4705,DUSP12
hsa-miR-1299,BZW1
hsa-miR-1299,EPB41L3
hsa-miR-421,GEMIN5
hsa-miR-3687,NFE2L1
hsa-miR-1299,ERC1
hsa-miR-421,TNPO1
hsa-miR-4705,TNPO1
hsa-miR-573,TNPO1
hsa-miR-421,RRAGB
hsa-miR-421,ZNF264
hsa-miR-4705,ZNF264
hsa-miR-621,ZNF264
hsa-miR-1267,FAT1
hsa-miR-1299,FAT1
hsa-miR-4705,APLP2
hsa-miR-573,WBP11
hsa-miR-573,WDFY1
hsa-miR-421,SLC25A24
hsa-miR-421,MAP3K4
hsa-miR-1299,CTTN
hsa-miR-1255a,EIF2AK1
hsa-miR-573,HUWE1
hsa-miR-3609,NLK
hsa-miR-573,ADD1
hsa-miR-573,ERGIC2
hsa-miR-421,KHSRP
hsa-miR-1299,EPB41L1
hsa-miR-573,ANKRD10
hsa-miR-4705,COQ9
hsa-miR-4705,CRLS1
hsa-miR-4705,C20orf194
hsa-miR-421,PXN
hsa-miR-3687,NOS1
hsa-miR-421,ZBTB25
hsa-miR-421,PAPOLA
hsa-miR-1267,ICAM1
hsa-miR-1299,STRN4
hsa-miR-4705,PDPR
hsa-miR-421,TNRC6A
hsa-miR-4705,TNRC6A
hsa-miR-4705,OSBPL8
hsa-miR-1299,HECTD1
hsa-miR-573,HNRNPC
hsa-miR-573,CDC23
hsa-miR-3609,CBX5
hsa-miR-4705,CBX5
hsa-miR-421,BRPF3
hsa-miR-3687,HSP90AB1
hsa-miR-421,HSP90AB1
hsa-miR-421,SIRT1
hsa-miR-4705,HNRNPH3
hsa-miR-3609,PPIL2
hsa-miR-1267,DEPDC5
hsa-miR-421,DDX17
hsa-miR-573,DDX17
hsa-miR-1299,TCF20
hsa-miR-421,TCF20
hsa-miR-421,RTCB
hsa-miR-4705,TIMP3
hsa-miR-573,TTLL12
hsa-miR-421,ASCC2
hsa-miR-1299,MYH9
hsa-miR-421,RANGAP1
hsa-miR-4705,KHNYN
hsa-miR-421,AP4S1
hsa-miR-4705,SPTLC2
hsa-miR-621,DHRS7
hsa-miR-1267,ERH
hsa-miR-1267,DICER1
hsa-miR-421,DICER1
hsa-miR-1299,PCNX
hsa-miR-421,GSKIP
hsa-miR-1299,TRIP11
hsa-miR-1267,PABPN1
hsa-miR-3687,PABPN1
hsa-miR-421,TPD52L2
hsa-miR-3687,HRH3
hsa-miR-421,DIDO1
hsa-miR-4705,CSNK2A1
hsa-miR-421,SNPH
hsa-miR-4705,POFUT1
hsa-miR-3609,ADNP2
hsa-miR-1267,ANKRD12
hsa-miR-4705,MID1
hsa-miR-421,GLRA2
hsa-miR-421,PGK1
hsa-miR-421,FNDC3A
hsa-miR-421,MGRN1
hsa-miR-1267,ZNF629
hsa-miR-421,NFAT5
hsa-miR-621,HAS3
hsa-miR-421,SLC7A6
hsa-miR-421,HSDL1
hsa-miR-3687,STUB1
hsa-miR-1267,PIEZO1
hsa-miR-421,GSPT1
hsa-miR-1267,MAZ
hsa-miR-1267,KNOP1
hsa-miR-3687,BMF
hsa-miR-421,BLOC1S6
hsa-miR-4705,FZD3
hsa-miR-1299,NBN
hsa-miR-4705,IMPAD1
hsa-miR-1267,UBE2W
hsa-miR-421,JPH1
hsa-miR-3687,EEF1D
hsa-miR-421,MTMR9
hsa-miR-573,PTOV1
hsa-miR-421,SGTA
hsa-miR-421,URI1
hsa-miR-421,FBL
hsa-miR-3687,HNRNPUL1
hsa-miR-421,HNRNPUL1
hsa-miR-421,DENND3
hsa-miR-1267,GRWD1
hsa-miR-1299,PDE4C
hsa-miR-421,ELL
hsa-miR-421,CRTC1
hsa-miR-421,COPE
hsa-miR-421,SIPA1L3
hsa-miR-421,CDK6
hsa-miR-4705,CDK6
hsa-miR-573,NAMPT
hsa-miR-3609,ITGB8
hsa-miR-573,ITGB8
hsa-miR-1267,DUS4L
hsa-miR-3609,LMBR1
hsa-miR-1255a,TAX1BP1
hsa-miR-621,CASP2
hsa-miR-1299,PTCD1
hsa-miR-3609,ZKSCAN1
hsa-miR-421,SERPINE1
hsa-miR-573,SERPINE1
hsa-miR-1299,MEST
hsa-miR-4705,TSPAN13
hsa-miR-573,AHR
hsa-miR-573,GLI3
hsa-miR-1299,URGCP
hsa-miR-1299,BCL7B
hsa-miR-421,YKT6
hsa-miR-3609,KDM4C
hsa-miR-1299,MPDZ
hsa-miR-421,NPDC1
hsa-miR-4705,SETX
hsa-miR-573,UBE2R2
hsa-miR-1299,DNMBP
hsa-miR-421,ERLIN1
hsa-miR-421,EIF3A
hsa-miR-4705,SEC23IP
hsa-miR-421,PLEKHA1
hsa-miR-1255a,UNC5B
hsa-miR-4705,GBF1
hsa-miR-1299,SH3PXD2A
hsa-miR-1299,PITRM1
hsa-miR-421,NUFIP2
hsa-miR-4705,NUFIP2
hsa-miR-4705,KPNB1
hsa-miR-573,KPNB1
hsa-miR-1267,UTP6
hsa-miR-573,VAT1
hsa-miR-573,SMURF2
hsa-miR-573,WSB1
hsa-miR-421,PMP22
hsa-miR-621,SUPT6H
hsa-miR-1299,PHF12
hsa-miR-421,TMEM33
hsa-miR-4705,DCUN1D4
hsa-miR-421,NDUFC1
hsa-miR-421,TBC1D9
hsa-miR-1267,WHSC1
hsa-miR-421,WHSC1
hsa-miR-1255a,KLF3
hsa-miR-4705,DDX25
hsa-miR-1267,HSPA8
hsa-miR-421,HSPA8
hsa-miR-4705,HSPA8
hsa-miR-573,DCPS
hsa-miR-1299,EIF4G2
hsa-miR-1267,DDX6
hsa-miR-1299,DDX6
hsa-miR-1267,HIPK3
hsa-miR-1299,GTF2H1
hsa-miR-421,PPFIBP1
hsa-miR-3609,CORO1C
hsa-miR-3687,CORO1C
hsa-miR-4705,SLC11A2
hsa-miR-421,PTGES3
hsa-miR-573,LIN7A
hsa-miR-421,DUSP16
hsa-miR-3609,CDKN1B
hsa-miR-421,CDKN1B
hsa-miR-573,CDKN1B
hsa-miR-1267,NAA25
hsa-miR-1299,OAS3
hsa-miR-4705,MGP
hsa-miR-4705,SLC38A1
hsa-miR-421,RFC5
hsa-miR-1255a,CAND1
hsa-miR-1267,CAND1
hsa-miR-1267,CHD4
hsa-miR-1299,LDHB
hsa-miR-421,C2CD5
hsa-miR-421,FRK
hsa-miR-421,NEDD9
hsa-miR-421,CEP85L
hsa-miR-573,ASF1A
hsa-miR-4705,NCOA7
hsa-miR-421,STK38
hsa-miR-3609,SOD2
hsa-miR-573,MCM3
hsa-miR-1267,ZNF451
hsa-miR-421,ZNF451
hsa-miR-4705,ZNF451
hsa-miR-421,BAG2
hsa-miR-421,CCNC
hsa-miR-421,E2F3
hsa-miR-421,BVES
hsa-miR-4705,RPS12
hsa-miR-3687,SOBP
hsa-miR-421,SOBP
hsa-miR-421,HECA
hsa-miR-1267,PHACTR2
hsa-miR-421,QKI
hsa-miR-421,CCND3
hsa-miR-4705,FAM120B
hsa-miR-421,TBP
hsa-miR-421,TMEM30A
hsa-miR-1299,FAM46A
hsa-miR-421,FAM46A
hsa-miR-421,TBX18
hsa-miR-1299,DAP
hsa-miR-1267,HSPA9
hsa-miR-421,HSPA9
hsa-miR-1267,FAF2
hsa-miR-421,POLR3G
hsa-miR-1299,PRLR
hsa-miR-421,GNPDA1
hsa-miR-1255a,NUP155
hsa-miR-1299,NUP155
hsa-miR-4705,PPWD1
hsa-miR-421,LIFR
hsa-miR-1255a,TRIM23
hsa-miR-573,SEC24A
hsa-miR-421,CPEB4
hsa-miR-4705,CPEB4
hsa-miR-3687,SMC4
hsa-miR-573,SMC4
hsa-miR-573,AMOTL2
hsa-miR-573,KPNA1
hsa-miR-421,SLC25A36
hsa-miR-573,WNT5A
hsa-miR-1299,FXR1
hsa-miR-1255a,CBLB
hsa-miR-3609,MRPL3
hsa-miR-421,MAPKAPK3
hsa-miR-421,ACVR2B
hsa-miR-4705,ABCC5
hsa-miR-421,FOXP1
hsa-miR-1299,EIF4G1
hsa-miR-4705,NCL
hsa-miR-421,SLC35F5
hsa-miR-3609,GPD2
hsa-miR-421,MPV17
hsa-miR-4705,SNX17
hsa-miR-421,GALNT3
hsa-miR-421,SF3B1
hsa-miR-421,ODC1
hsa-miR-421,BIRC6
hsa-miR-4705,PLEKHB2
hsa-miR-421,STRN
hsa-miR-1299,RAB3GAP1
hsa-miR-1267,DHCR24
hsa-miR-421,RPL22
hsa-miR-4705,PHF13
hsa-miR-421,CAPZA1
hsa-miR-421,ASH1L
hsa-miR-621,ASH1L
hsa-miR-1255a,ARHGEF2
hsa-miR-421,MEF2D
hsa-miR-1299,PRDM2
hsa-miR-421,TROVE2
hsa-miR-1299,RRAGC
hsa-miR-4705,LGALS8
hsa-miR-421,MTR
hsa-miR-3609,AKT3
hsa-miR-3687,HMGCL
hsa-miR-4705,CD46
hsa-miR-573,CD46
hsa-miR-573,APH1A
hsa-miR-421,PRDX1
hsa-miR-573,PRDX1
hsa-miR-1255a,ARID1A
hsa-miR-421,MESDC2
hsa-miR-573,KMT2A
hsa-miR-4705,KLF7
hsa-miR-1299,LRMP
hsa-miR-3609,TNFAIP3
hsa-miR-421,MED28
hsa-miR-4705,MED28
hsa-miR-1267,RPN2
hsa-miR-4705,RPN2
hsa-miR-1299,TGIF2
hsa-miR-421,ELL2
hsa-miR-421,KLF9
hsa-miR-4705,HEATR1
hsa-miR-1299,KDSR
hsa-miR-621,NEK9
hsa-miR-1267,IFT43
hsa-miR-1299,AREL1
hsa-miR-1299,SUPT7L
hsa-miR-421,ATAD2B
hsa-miR-573,AFTPH
hsa-miR-1299,EPCAM
hsa-miR-573,IFIT3
hsa-miR-4705,PYROXD2
hsa-miR-421,HELLS
hsa-miR-421,KANSL1
hsa-miR-3609,CD274
hsa-miR-1299,LRP11
hsa-miR-1299,CYSTM1
hsa-miR-1255a,TCP1
hsa-miR-1299,PDZD11
hsa-miR-421,ENY2
hsa-miR-4705,ELF1
hsa-miR-1299,HSPH1
hsa-miR-421,HSPH1
hsa-miR-573,EGR1
hsa-miR-421,TMPO
hsa-miR-421,ARL1
hsa-miR-421,NAA50
hsa-miR-573,NAA50
hsa-miR-1299,ZMYM2
hsa-miR-4705,ZMYM2
hsa-miR-421,FYTTD1
hsa-miR-1299,BBS9
hsa-miR-421,HNRNPA2B1
hsa-miR-1255a,ATP7B
hsa-miR-1299,ZC3H13
hsa-miR-421,OPTN
hsa-miR-3609,SPATS2
hsa-miR-4705,METTL21B
hsa-miR-573,ATPAF1
hsa-miR-4705,AMD1
hsa-miR-421,MORF4L2
hsa-miR-4705,FAM199X
hsa-miR-3609,SLC36A1
hsa-miR-4705,SLC36A1
hsa-miR-421,LPGAT1
hsa-miR-1299,PFKFB2
hsa-miR-1299,SRSF6
hsa-miR-421,STAU1
hsa-miR-421,PMEPA1
hsa-miR-421,MTRR
hsa-miR-4705,USP22
hsa-miR-1267,WRNIP1
hsa-miR-1255a,CDKN1A
hsa-miR-421,SOX4
hsa-miR-421,DEK
hsa-miR-1299,RUNX2
hsa-miR-3687,AHNAK
hsa-miR-3687,EFNB2
hsa-miR-421,POLR1B
hsa-miR-421,THOC2
hsa-miR-421,SNRPD2
hsa-miR-3609,NAPB
hsa-miR-1255a,TBC1D20
hsa-miR-1299,MAX
hsa-miR-3687,ERGIC3
hsa-miR-421,AGO3
hsa-miR-3687,PRR12
hsa-miR-421,SGPP1
hsa-miR-421,HNRNPH2
hsa-miR-421,CANX
hsa-miR-4705,CANX
hsa-miR-573,HELB
hsa-miR-573,MACF1
hsa-miR-421,ZNF780B
hsa-miR-1255a,ZFP36
hsa-miR-573,ZFP36
hsa-miR-421,YWHAH
hsa-miR-1299,FOXP2
hsa-miR-421,STRIP2
hsa-miR-421,MKLN1
hsa-miR-421,SMO
hsa-miR-4705,IRF5
hsa-miR-421,HAT1
hsa-miR-421,ARPP19
hsa-miR-573,COPB1
hsa-miR-1267,CCNT1
hsa-miR-421,CCNT1
hsa-miR-573,NGDN
hsa-miR-421,SNX6
hsa-miR-1299,MIS18BP1
hsa-miR-1267,PHF10
hsa-miR-4705,PHF10
hsa-miR-421,PVRL2
hsa-miR-573,XPO7
hsa-miR-4705,KIF1A
hsa-miR-573,BST2
hsa-miR-1299,MLLT4
hsa-miR-421,MLLT4
hsa-miR-1299,YIPF2
hsa-miR-573,DNMT1
hsa-miR-421,LRP3
hsa-miR-3687,UBA1
hsa-miR-4705,AAR2
hsa-miR-3687,ABCB7
hsa-miR-3687,TRAF3
hsa-miR-421,NDFIP1
hsa-miR-3609,PRKAB2
hsa-miR-421,VIMP
hsa-miR-573,LGALS3
hsa-miR-1299,DCAF15
hsa-miR-3609,TRIM22
hsa-miR-3687,SCLY
hsa-miR-421,PRKAA1
hsa-miR-4705,FIGNL1
hsa-miR-421,UTP3
hsa-miR-573,WBP2
hsa-miR-421,BTBD3
hsa-miR-421,NASP
hsa-miR-573,SERINC3
hsa-miR-573,SCO1
hsa-miR-573,TPT1
hsa-miR-1299,STARD13
hsa-miR-421,STARD13
hsa-miR-3687,IRS4
hsa-miR-1299,MED10
hsa-miR-3687,AGAP3
hsa-miR-421,IMPA1
hsa-miR-573,AMPD3
hsa-miR-573,ZFC3H1
hsa-miR-421,DPF2
hsa-miR-421,EIF2S1
hsa-miR-421,EDEM1
hsa-miR-4705,MEIS2
hsa-miR-421,NOTCH2
hsa-miR-3687,TRIM45
hsa-miR-4705,CEPT1
hsa-miR-3687,ARF3
hsa-miR-1267,SLC38A2
hsa-miR-1267,LDHA
hsa-miR-573,IL6ST
hsa-miR-1255a,CDC73
hsa-miR-573,ANKRD16
hsa-miR-1299,PHC2
hsa-miR-421,AGO4
hsa-miR-1267,HOOK1
hsa-miR-421,HOOK1
hsa-miR-421,ZCCHC11
hsa-miR-421,DSC2
hsa-miR-4705,DZIP1
hsa-miR-3609,TMED7
hsa-miR-421,GOLM1
hsa-miR-3609,TAOK3
hsa-miR-4705,SYNCRIP
hsa-miR-421,NT5E
hsa-miR-573,NT5E
hsa-miR-421,EPHA7
hsa-miR-573,AKIRIN2
hsa-miR-1299,MAP3K7
hsa-miR-4705,GDF11
hsa-miR-421,HNRNPA1
hsa-miR-421,CD164
hsa-miR-421,CCT7
hsa-miR-421,MDM2
hsa-miR-4705,MDM2
hsa-miR-421,DYNC1LI2
hsa-miR-4705,CEP350
hsa-miR-1255a,DRAM1
hsa-miR-4705,COG3
hsa-miR-1299,KDELR2
hsa-miR-421,KDELR2
hsa-miR-4705,ABHD17C
hsa-miR-421,IREB2
hsa-miR-4705,IREB2
hsa-miR-421,SRSF1
hsa-miR-4705,SRSF1
hsa-miR-1255a,VEZF1
hsa-miR-4705,DCAF7
hsa-miR-421,TRA2B
hsa-miR-3687,CDK5RAP2
hsa-miR-573,SLC31A1
hsa-miR-3687,IL11RA
hsa-miR-1255a,TLN1
hsa-miR-3687,KLC4
hsa-miR-421,ZSCAN9
hsa-miR-1267,PIM1
hsa-miR-1299,MDC1
hsa-miR-1255a,NRM
hsa-miR-1299,FAM8A1
hsa-miR-421,CPEB2
hsa-miR-421,RAB30
hsa-miR-421,RDX
hsa-miR-421,CTDSPL2
hsa-miR-421,HAUS2
hsa-miR-421,RPLP1
hsa-miR-421,FNBP1L
hsa-miR-3609,IFI44L
hsa-miR-421,ARHGAP29
hsa-miR-4705,ADCY3
hsa-miR-421,PREPL
hsa-miR-1267,KIF11
hsa-miR-421,DNAJC13
hsa-miR-4705,BARD1
hsa-miR-421,NAB1
hsa-miR-1255a,PARP9
hsa-miR-1299,PARP9
hsa-miR-1267,SECISBP2L
hsa-miR-3609,TMOD3
hsa-miR-573,KIAA1109
hsa-miR-1299,SCARB2
hsa-miR-421,SCARB2
hsa-miR-1299,USO1
hsa-miR-4705,PPA2
hsa-miR-4705,FGD4
hsa-miR-4705,FAM60A
hsa-miR-421,ETNK1
hsa-miR-421,PEX5
hsa-miR-621,DUSP6
hsa-miR-573,LNX2
hsa-miR-1299,TMBIM6
hsa-miR-421,VPS37B
hsa-miR-4705,RBM26
hsa-miR-1299,CUL4A
hsa-miR-421,STON2
hsa-miR-4705,WDR20
hsa-miR-4705,BNIP2
hsa-miR-1299,ETFA
hsa-miR-1299,HMG20A
hsa-miR-3687,TSPAN3
hsa-miR-573,NCOA2
hsa-miR-421,MESDC1
hsa-miR-1267,ARRDC4
hsa-miR-573,ARRDC4
hsa-miR-1299,SCAMP2
hsa-miR-4705,SEC11A
hsa-miR-1299,PDPK1
hsa-miR-1267,DEF8
hsa-miR-3609,NCOR1
hsa-miR-4705,TOB1
hsa-miR-421,SS18
hsa-miR-1267,GREB1L
hsa-miR-573,GREB1L
hsa-miR-421,NPC1
hsa-miR-1299,FOXK2
hsa-miR-421,CBX4
hsa-miR-421,PMAIP1
hsa-miR-421,SAMD1
hsa-miR-1299,SOD1
hsa-miR-621,SOD1
hsa-miR-4705,SIK1
hsa-miR-421,ZNF614
hsa-miR-573,PGD
hsa-miR-4705,LMO4
hsa-miR-1255a,POU2F1
hsa-miR-3687,PFDN2
hsa-miR-3687,PRCC
hsa-miR-1267,ABL2
hsa-miR-421,ABL2
hsa-miR-4705,MCL1
hsa-miR-421,PIP5K1A
hsa-miR-573,VASH2
hsa-miR-421,UBAP2L
hsa-miR-421,ILF2
hsa-miR-421,GALNT2
hsa-miR-1267,SCCPDH
hsa-miR-1267,MLK4
hsa-miR-4705,SDE2
hsa-miR-1299,CDC42BPA
hsa-miR-4705,LBR
hsa-miR-573,VPS54
hsa-miR-1299,SLC20A1
hsa-miR-421,AMMECR1L
hsa-miR-1299,UBR3
hsa-miR-421,HSPD1
hsa-miR-421,FAM134A
hsa-miR-4705,GOLGA4
hsa-miR-4705,TMF1
hsa-miR-421,PHLDB2
hsa-miR-1299,OSBPL11
hsa-miR-421,LPP
hsa-miR-1299,MARCH1
hsa-miR-4705,RPL37
hsa-miR-421,PLK2
hsa-miR-3609,PIK3R1
hsa-miR-421,RASA1
hsa-miR-421,PAM
hsa-miR-573,SLC30A5
hsa-miR-621,RNF145
hsa-miR-421,G3BP1
hsa-miR-4705,FAXC
hsa-miR-421,PNRC1
hsa-miR-3609,TMEM181
hsa-miR-3609,GNA12
hsa-miR-1267,RBAK
hsa-miR-421,GIGYF1
hsa-miR-421,MEPCE
hsa-miR-4705,NCAPG2
hsa-miR-1267,ZNF711
hsa-miR-1299,CHMP7
hsa-miR-421,TACC1
hsa-miR-1267,WHSC1L1
hsa-miR-421,WHSC1L1
hsa-miR-573,WHSC1L1
hsa-miR-421,LRP12
hsa-miR-421,CEP78
hsa-miR-421,ZNF462
hsa-miR-3609,INIP
hsa-miR-421,SNX30
hsa-miR-1299,SURF4
hsa-miR-421,SEC16A
hsa-miR-421,RSU1
hsa-miR-573,GLUD1
hsa-miR-421,ADD3
hsa-miR-1299,ADAM12
hsa-miR-421,TNKS1BP1
hsa-miR-3687,SSRP1
hsa-miR-421,SLC43A1
hsa-miR-573,PTPRJ
hsa-miR-4705,CELF1
hsa-miR-421,SESN3
hsa-miR-573,INTS4
hsa-miR-421,ZC3H12C
hsa-miR-573,ZC3H12C
hsa-miR-421,NPAT
hsa-miR-1299,ATM
hsa-miR-421,HYOU1
hsa-miR-421,INCENP
hsa-miR-1255a,SOGA1
hsa-miR-3687,YTHDF1
hsa-miR-4705,ITGB1
hsa-miR-4705,LATS2
hsa-miR-4705,WDR17
hsa-miR-4705,CCT5
hsa-miR-421,CRIM1
hsa-miR-1299,UBC
hsa-miR-1299,MAGI1
hsa-miR-421,ANKRD50
hsa-miR-421,EPS8
hsa-miR-4705,FAM160B1
hsa-miR-421,WWC2
hsa-miR-421,PABPC3
hsa-miR-4705,CENPJ
hsa-miR-573,DST
hsa-miR-421,PTPN14
hsa-miR-421,UHMK1
hsa-miR-1267,CCDC50
hsa-miR-421,MBNL1
hsa-miR-421,NADK2
hsa-miR-421,HNRNPDL
hsa-miR-4705,HNRNPDL
hsa-miR-1267,UTRN
hsa-miR-1299,DAB2
hsa-miR-421,CAST
hsa-miR-573,SMARCA5
hsa-miR-421,HNRNPU
hsa-miR-421,NR4A2
hsa-miR-573,RBMS1
hsa-miR-1299,ASAP1
hsa-miR-421,ASAP1
hsa-miR-1255a,UBP1
hsa-miR-421,ZDHHC7
hsa-miR-4705,TRIP12
hsa-miR-621,TRIP12
hsa-miR-4705,HS2ST1
hsa-miR-3609,MSI2
hsa-miR-421,MSI2
hsa-miR-573,ZUFSP
hsa-miR-573,PRKCA
hsa-miR-1299,ABCA5
hsa-miR-1267,UCHL1
hsa-miR-421,NEIL2
hsa-miR-4705,TRIM11
hsa-miR-421,ENAH
hsa-miR-4705,ENAH
hsa-miR-1299,CCSAP
hsa-miR-1299,BUB3
hsa-miR-1255a,C21orf91
hsa-miR-4705,ADAMTS5
hsa-miR-4705,XPC
hsa-miR-1299,PPP4R1
hsa-miR-4705,RAB6B
hsa-miR-573,KLF10
hsa-miR-1255a,AZIN1
hsa-miR-421,AGPAT5
hsa-miR-4705,AGPAT5
hsa-miR-4705,MARVELD1
hsa-miR-4705,ZFYVE27
hsa-miR-573,SLC25A28
hsa-miR-4705,USP25
hsa-miR-421,SLC16A1
hsa-miR-421,MIER3
hsa-miR-4705,NUP205
hsa-miR-573,PSD3
hsa-miR-421,GNAQ
hsa-miR-1299,BACH1
hsa-miR-4705,FAM122B
hsa-miR-3687,HK1
hsa-miR-421,HK1
hsa-miR-421,PHF6
hsa-miR-1255a,MED19
hsa-miR-421,NPTN
hsa-miR-4705,ATAD2
hsa-miR-573,MALSU1
hsa-miR-421,ZFYVE9
hsa-miR-1267,SMG1
hsa-miR-421,SMG1
hsa-miR-4705,CLDN12
hsa-miR-4705,WDR19
hsa-miR-421,SLC37A3
hsa-miR-621,FMNL2
hsa-miR-1267,AAED1
hsa-miR-421,TSR2
hsa-miR-421,ZC3H18
hsa-miR-421,C11orf30
hsa-miR-421,ELK4
hsa-miR-421,SLC45A3
hsa-miR-1299,F11R
hsa-miR-421,IFNAR2
hsa-miR-1299,SON
hsa-miR-3609,SON
hsa-miR-421,SON
hsa-miR-573,SON
hsa-miR-421,SV2A
hsa-miR-421,RCAN1
hsa-miR-421,HLCS
hsa-miR-421,BTG2
hsa-miR-421,STARD9
hsa-miR-421,RSPRY1
hsa-miR-1299,EFCAB14
hsa-miR-4705,CCDC117
hsa-miR-3687,NR2F6
hsa-miR-4705,U2AF1
hsa-miR-421,CSTB
hsa-miR-421,TAOK1
hsa-miR-1255a,NLRX1
hsa-miR-3687,TONSL
hsa-miR-421,YDJC
hsa-miR-4705,GRIN2C
hsa-miR-421,FDXR
hsa-miR-4705,SAP30BP
hsa-miR-421,SRSF2
hsa-miR-1267,EMC10
hsa-miR-1267,RACGAP1
hsa-miR-4705,AMDHD2
hsa-miR-3609,JAK1
hsa-miR-1267,NFIA
hsa-miR-1267,USP1
hsa-miR-421,USP1
hsa-miR-4705,USP1
hsa-miR-421,ZNF326
hsa-miR-1299,ZNF281
hsa-miR-421,FLVCR1
hsa-miR-4705,FLVCR1
hsa-miR-573,BPNT1
hsa-miR-573,CAPN2
hsa-miR-421,KIAA1841
hsa-miR-421,ARL5A
hsa-miR-421,RNF149
hsa-miR-421,CLDN1
hsa-miR-421,PYGO2
hsa-miR-4705,PYGO2
hsa-miR-1267,HIPK1
hsa-miR-1299,HIPK1
hsa-miR-3609,HIPK1
hsa-miR-421,LRRC58
hsa-miR-573,FSTL1
hsa-miR-421,ARPC2
hsa-miR-573,ARPC2
hsa-miR-4705,CCT3
hsa-miR-4705,TGFBR2
hsa-miR-421,EIF5A2
hsa-miR-421,PPP4R2
hsa-miR-4705,PPM1K
hsa-miR-421,U2SURP
hsa-miR-1267,FYCO1
hsa-miR-573,ZNF148
hsa-miR-4705,YEATS2
hsa-miR-421,SNIP1
hsa-miR-4705,RFT1
hsa-miR-421,FAM208A
hsa-miR-1299,PIGX
hsa-miR-421,DNAJB14
hsa-miR-4705,DNAJB14
hsa-miR-3687,DUSP7
hsa-miR-4705,DUSP7
hsa-miR-421,WDR82
hsa-miR-1255a,MAD2L1
hsa-miR-1255a,STARD4
hsa-miR-421,PRRC1
hsa-miR-1299,TLR3
hsa-miR-1267,CCDC127
hsa-miR-1299,SFXN1
hsa-miR-3687,ANKRD55
hsa-miR-421,RPS14
hsa-miR-421,C7orf60
hsa-miR-421,DLC1
hsa-miR-421,OXR1
hsa-miR-4705,FZD6
hsa-miR-1255a,ZHX1
hsa-miR-421,KIAA1958
hsa-miR-421,STRBP
hsa-miR-3687,ZNF367
hsa-miR-421,ARHGAP12
hsa-miR-421,REEP3
hsa-miR-4705,REEP3
hsa-miR-3609,C10orf25
hsa-miR-3609,ARF6
hsa-miR-1299,NSD1
hsa-miR-4705,PRDX3
hsa-miR-1267,ARL5B
hsa-miR-421,ARL5B
hsa-miR-573,ARL5B
hsa-miR-4705,HIF1AN
hsa-miR-421,SGPL1
hsa-miR-421,FRS2
hsa-miR-1299,WBP1L
hsa-miR-421,TPP1
hsa-miR-421,RNF169
hsa-miR-4705,CASC4
hsa-miR-573,NAV2
hsa-miR-1299,PLK1
hsa-miR-1299,PIP4K2C
hsa-miR-421,YWHAB
hsa-miR-621,YWHAB
hsa-miR-421,COQ7
hsa-miR-3687,ENGASE
hsa-miR-1299,TBC1D16
hsa-miR-421,MIDN
hsa-miR-4705,MIDN
hsa-miR-421,RPL13
hsa-miR-3687,LENG8
hsa-miR-3687,EEF2
hsa-miR-573,EEF2
hsa-miR-421,NXN
hsa-miR-421,SLC3A2
hsa-miR-421,C2CD3
hsa-miR-421,SF1
hsa-miR-421,SETD5
hsa-miR-421,MMADHC
hsa-miR-4705,SEPT2
hsa-miR-1255a,MFSD2A
hsa-miR-421,TAP1
hsa-miR-1299,STIP1
hsa-miR-1299,STAT3
hsa-miR-421,ADAM9
hsa-miR-573,ADAM9
hsa-miR-421,FAM84B
hsa-miR-573,TET2
hsa-miR-4705,ZNF507
hsa-miR-421,MAT2A
hsa-miR-1255a,FEM1B
hsa-miR-421,FEM1B
hsa-miR-1267,HNRNPH1
hsa-miR-3687,HNRNPH1
hsa-miR-421,UBE2V2
hsa-miR-421,PRELID1
hsa-miR-421,MMGT1
hsa-miR-421,GPS1
hsa-miR-421,HNRNPF
hsa-miR-4705,HNRNPF
hsa-miR-421,SYAP1
hsa-miR-421,TOR1AIP2
hsa-miR-421,TM4SF1
hsa-miR-573,KLF13
hsa-miR-4705,ZFPM2
hsa-miR-3687,ZNF768
hsa-miR-1255a,MAP3K2
hsa-miR-4705,YWHAG
hsa-miR-4705,ZNF778
hsa-miR-421,SIK2
hsa-miR-421,GLB1
hsa-miR-1299,UBB
hsa-miR-421,TMED10
hsa-miR-3687,CD14
hsa-miR-1299,ELOVL6
hsa-miR-421,KIF5B
hsa-miR-4705,CHCHD7
hsa-miR-1255a,ZNF160
hsa-miR-1255a,S1PR1
hsa-miR-421,S1PR1
hsa-miR-4705,INSR
hsa-miR-421,SOCS5
hsa-miR-4705,CHD7
hsa-miR-573,ASXL1
hsa-miR-421,LRRC8C
hsa-miR-421,ATF7IP
hsa-miR-4705,BCL2
hsa-miR-421,ZNF217
hsa-miR-1255a,JMJD1C
hsa-miR-421,JMJD1C
hsa-miR-421,KLF11
hsa-miR-573,CEBPB
hsa-miR-4705,C5orf34
hsa-miR-1299,CERS6
hsa-miR-1299,RCAN2
hsa-miR-421,GNG12
hsa-miR-1299,ZNF24
hsa-miR-1267,HCFC1
hsa-miR-421,PDE3A
hsa-miR-421,ZMAT3
hsa-miR-1255a,DCP2
hsa-miR-1299,SP3
hsa-miR-421,DMXL1
hsa-miR-1255a,TADA2B
hsa-miR-1299,RELA
hsa-miR-421,FAM222B
hsa-miR-1267,ESRRA
hsa-miR-1267,GOLGB1
hsa-miR-573,PPP1R3B
hsa-miR-1267,TRIB1
hsa-miR-1299,PTPRM
hsa-miR-421,PEAK1
hsa-miR-421,NABP1
hsa-miR-4705,NABP1
hsa-miR-421,EIF1AX
hsa-miR-4705,CXorf23
hsa-miR-1299,PSMD1
hsa-miR-421,TOMM20
hsa-miR-421,RNF213
hsa-miR-4705,USMG5
hsa-miR-1267,UBXN2A
hsa-miR-4705,RGMB
hsa-miR-1267,C12orf66
hsa-miR-573,ADCY6
hsa-miR-4705,ZHX3
hsa-miR-421,MSL2
hsa-miR-421,KIAA1551
hsa-miR-573,RPL15
hsa-miR-4705,DENND6A
hsa-miR-573,VCPIP1
hsa-miR-421,CKAP5
hsa-miR-4705,CKAP5
hsa-miR-421,SMAD2
hsa-miR-4705,TMEM70
hsa-miR-421,UBE2O
hsa-miR-421,LYSMD3
hsa-miR-3687,DIRAS1
hsa-miR-4705,SOX11
hsa-miR-421,PNMA1
hsa-miR-421,NFATC2IP
hsa-miR-3609,FBXO46
hsa-miR-1255a,RHOG
hsa-miR-421,ANO6
hsa-miR-421,ULK1
hsa-miR-1255a,CHD9
hsa-miR-4705,PAWR
hsa-miR-3687,TBL1XR1
hsa-miR-421,TBL1XR1
hsa-miR-421,HNRNPA0
hsa-miR-1299,ASB8
hsa-miR-573,PDE4DIP
hsa-miR-421,SUZ12
hsa-miR-1299,FBXO34
hsa-miR-4705,MRFAP1
hsa-miR-573,MRFAP1
hsa-miR-4705,TMEM107
hsa-miR-621,ZBTB18
hsa-miR-421,SERTAD2
hsa-miR-421,SEPHS2
hsa-miR-573,ZNF816
hsa-miR-421,ZNF609
hsa-miR-421,SLC36A4
hsa-miR-421,ZNF792
hsa-miR-3687,HIST3H2A
hsa-miR-573,POLR2A
hsa-miR-1267,TMEM136
hsa-miR-421,RAP2B
hsa-miR-421,MEX3D
hsa-miR-573,PHLDA2
hsa-miR-421,YIPF6
hsa-miR-421,COPG1
hsa-miR-421,ADO
hsa-miR-1299,TRAK1
hsa-miR-421,ACBD3
hsa-miR-1299,C11orf54
hsa-miR-421,SRPR
hsa-miR-421,GJC1
hsa-miR-1255a,MTA1
hsa-miR-1267,MTA1
hsa-miR-4705,CBX6
hsa-miR-4705,ZNF703
hsa-miR-621,SETD8
hsa-miR-1255a,ZBTB40
hsa-miR-421,UBE2G2
hsa-miR-421,NDUFA6
hsa-miR-421,ROBO2
hsa-miR-1255a,ATP6V0A2
hsa-miR-421,NR2F2
hsa-miR-1299,SP1
hsa-miR-4705,PCGF3
hsa-miR-421,ZFP36L1
hsa-miR-4705,BRWD1
hsa-miR-421,POMK
hsa-miR-4705,PAGR1
hsa-miR-1299,ZNF267
hsa-miR-421,RASA3
hsa-miR-421,ZNF284
hsa-miR-1255a,POLR3C
hsa-miR-421,PPP1CC
hsa-miR-421,RPS23
hsa-miR-4705,INSIG1
hsa-miR-1299,ARAP1
hsa-miR-4705,ZFP91
hsa-miR-421,PPARA
hsa-miR-573,TEAD1
hsa-miR-573,FNBP1
hsa-miR-421,RSBN1L
hsa-miR-1255a,TET3
hsa-miR-421,FOCAD
hsa-miR-4705,LDOC1L
hsa-miR-421,PTAR1
hsa-miR-421,MTF1
hsa-miR-1299,BEND4
hsa-miR-421,ZNF292
hsa-miR-421,LITAF
hsa-miR-421,KAZN
hsa-miR-421,ZNF766
hsa-miR-4705,LCOR
hsa-miR-4705,IARS
hsa-miR-4705,SIAH1
hsa-miR-421,NACA
hsa-miR-4705,MYO6
hsa-miR-4705,ZKSCAN5
hsa-miR-3609,NF1
hsa-miR-4705,NF1
hsa-miR-573,CD47
hsa-miR-421,HIST1H2AG
hsa-miR-4705,MVB12B
hsa-miR-573,NHLRC2
hsa-miR-421,ARHGEF12
hsa-miR-573,CASP4
hsa-miR-1255a,FUT11
hsa-miR-421,ANXA4
hsa-miR-1299,ZSCAN25
hsa-miR-1267,GMFB
hsa-miR-421,GMFB
hsa-miR-421,IGF2R
hsa-miR-1299,DYNC1H1
hsa-miR-4705,TBC1D9B
hsa-miR-421,HNRNPAB
hsa-miR-3609,ZNF81
hsa-miR-1299,OCLN
hsa-miR-573,ZNF677
hsa-miR-621,LPAR1
hsa-miR-1299,MAN1A2
hsa-miR-3609,HELZ
hsa-miR-4705,SDAD1
hsa-miR-421,ASPH
hsa-miR-573,GFPT1
hsa-miR-1299,KLHL9
hsa-miR-4705,CALM1
hsa-miR-421,PAPSS2
hsa-miR-421,PPP1R14C
hsa-miR-421,MTOR
hsa-miR-421,FOXJ3
hsa-miR-1255a,OPA1
hsa-miR-621,DCAF12
hsa-miR-4705,PRC1
hsa-miR-1299,MAP3K3
hsa-miR-421,POU3F3
hsa-miR-421,MFAP3L
hsa-miR-1267,CHML
hsa-miR-421,CHML
hsa-miR-4705,GDI1
hsa-miR-421,MAFB
hsa-miR-3687,RUFY2
hsa-miR-421,BRD2
hsa-miR-1267,PRRC2A
hsa-miR-3687,GNL1
hsa-miR-573,GNB2L1
hsa-miR-4705,RANBP17
hsa-miR-421,IPO7
hsa-miR-1255a,SAMD9
hsa-miR-1255a,LIN52
hsa-miR-4705,HN1L
hsa-miR-421,TRIM71
hsa-miR-421,SACM1L
hsa-miR-1299,TSN
hsa-miR-1267,NRAS
hsa-miR-421,NRAS
hsa-miR-4705,VDAC1
hsa-miR-421,LEPROT
hsa-miR-4705,DDX47
hsa-miR-421,ZNF845
hsa-miR-421,NUDT19
hsa-miR-421,ALG3
hsa-miR-4705,DDX3X
hsa-miR-573,FNIP1
hsa-miR-573,CEBPD
hsa-miR-421,TMEM185B
hsa-miR-573,HLA-DPA1
hsa-miR-421,ZNF736
hsa-miR-421,ZBED5
hsa-miR-421,RBM14
hsa-miR-421,TMEM189
hsa-miR-3687,ATP5O
hsa-miR-1299,MRPL20
hsa-miR-1255a,ZNF550
hsa-miR-3609,PCDHGB6
hsa-miR-421,ATXN7L3B
hsa-miR-421,PRKDC
hsa-miR-4705,PRKDC
hsa-miR-421,KIAA1147
hsa-miR-421,CUX1
hsa-miR-421,RBM15B
hsa-miR-421,GAN
hsa-miR-421,DYNLL2
hsa-miR-4705,DYNLL2
hsa-miR-1255a,RBM8A
hsa-miR-421,ZNF850
hsa-miR-3687,EGLN2
hsa-miR-421,DCP1A
hsa-miR-1299,CYFIP1
hsa-miR-1255a,HIST1H2BG
hsa-miR-1267,HIST1H2BG
hsa-miR-421,SOCS7
hsa-miR-421,MLLT6
hsa-miR-4705,MLLT6
hsa-miR-421,SMEK2
hsa-miR-4705,MARCKS
hsa-miR-421,DDX52
hsa-miR-421,ABAT
hsa-miR-421,ABCA9
hsa-miR-421,ABI2
hsa-miR-421,AC019171.1
hsa-miR-421,ACSL3
hsa-miR-421,ADAM12
hsa-miR-421,AFF3
hsa-miR-421,AGFG1
hsa-miR-421,AK4
hsa-miR-421,AKAP1
hsa-miR-421,ANKRD13C
hsa-miR-421,ANKRD17
hsa-miR-421,ANKS1B
hsa-miR-421,AP5M1
hsa-miR-421,APBB2
hsa-miR-421,APPBP2
hsa-miR-421,APPL1
hsa-miR-421,AQP6
hsa-miR-421,ARGLU1
hsa-miR-421,ARHGAP26
hsa-miR-421,ARHGAP35
hsa-miR-421,ARHGAP5
hsa-miR-421,ARHGEF9
hsa-miR-421,ARL4C
hsa-miR-421,ARMC8
hsa-miR-421,ARX
hsa-miR-421,ATP8A2
hsa-miR-421,ATXN1
hsa-miR-421,ATXN3
hsa-miR-421,AURKA
hsa-miR-421,BACH2
hsa-miR-421,BCLAF1
hsa-miR-421,BCOR
hsa-miR-421,BEND3
hsa-miR-421,BEND4
hsa-miR-421,BLOC1S5
hsa-miR-421,BMF
hsa-miR-421,BTG1
hsa-miR-421,C11orf87
hsa-miR-421,C16orf87
hsa-miR-421,C17orf85
hsa-miR-421,C1orf52
hsa-miR-421,C3orf14
hsa-miR-421,C3orf38
hsa-miR-421,C6orf141
hsa-miR-421,CACNA1C
hsa-miR-421,CAMK2D
hsa-miR-421,CAPRIN1
hsa-miR-421,CASD1
hsa-miR-421,CASP8
hsa-miR-421,CD109
hsa-miR-421,CDC73
hsa-miR-421,CDCA7
hsa-miR-421,CDK20
hsa-miR-421,CFL2
hsa-miR-421,CHD2
hsa-miR-421,CHD7
hsa-miR-421,CHST7
hsa-miR-421,CISD1
hsa-miR-421,CLCN3
hsa-miR-421,CLDN11
hsa-miR-421,CLIP2
hsa-miR-421,CMTM4
hsa-miR-421,CNIH4
hsa-miR-421,CNOT4
hsa-miR-421,CNOT6L
hsa-miR-421,COA4
hsa-miR-421,CORO1C
hsa-miR-421,CORO2A
hsa-miR-421,CPLX1
hsa-miR-421,CPNE4
hsa-miR-421,CRYZ
hsa-miR-421,CS
hsa-miR-421,CTH
hsa-miR-421,CUL3
hsa-miR-421,CUL4B
hsa-miR-421,CXorf23
hsa-miR-421,CYP7B1
hsa-miR-421,DCPS
hsa-miR-421,DCUN1D1
hsa-miR-421,DDA1
hsa-miR-421,DDI2
hsa-miR-421,DGCR14
hsa-miR-421,DGKB
hsa-miR-421,DHDDS
hsa-miR-421,DTX1
hsa-miR-421,EDEM3
hsa-miR-421,EGFR
hsa-miR-421,EIF2S2
hsa-miR-421,EIF3M
hsa-miR-421,ELAVL2
hsa-miR-421,ELK3
hsa-miR-421,ELMOD1
hsa-miR-421,ENOSF1
hsa-miR-421,ENPP6
hsa-miR-421,ENTPD1
hsa-miR-421,EPB41L4B
hsa-miR-421,EPSTI1
hsa-miR-421,ERCC6L2
hsa-miR-421,ESCO1
hsa-miR-421,FAM126B
hsa-miR-421,FAM206A
hsa-miR-421,FAM49B
hsa-miR-421,FAR1
hsa-miR-421,FBXL17
hsa-miR-421,FBXL4
hsa-miR-421,FCHSD2
hsa-miR-421,FGF13
hsa-miR-421,FGF14
hsa-miR-421,FLRT2
hsa-miR-421,FMO2
hsa-miR-421,FNIP2
hsa-miR-421,FRRS1L
hsa-miR-421,FRS3
hsa-miR-421,FUBP1
hsa-miR-421,FZD8
hsa-miR-421,G6PC3
hsa-miR-421,GAS7
hsa-miR-421,GCNT2
hsa-miR-421,GEMIN6
hsa-miR-421,GHR
hsa-miR-421,GLIPR1
hsa-miR-421,GPBP1
hsa-miR-421,GPRIN3
hsa-miR-421,GRM8
hsa-miR-421,GSE1
hsa-miR-421,GTDC1
hsa-miR-421,H1F0
hsa-miR-421,HMG20A
hsa-miR-421,HMGB2
hsa-miR-421,HNRNPUL2
hsa-miR-421,HSBP1
hsa-miR-421,IGSF3
hsa-miR-421,IL6ST
hsa-miR-421,IRS1
hsa-miR-421,ISCA2
hsa-miR-421,ITGB5
hsa-miR-421,JAKMIP2
hsa-miR-421,KAT6A
hsa-miR-421,KAT7
hsa-miR-421,KCMF1
hsa-miR-421,KCNJ10
hsa-miR-421,KDM2A
hsa-miR-421,KIAA0226L
hsa-miR-421,KIAA0753
hsa-miR-421,KIAA0895L
hsa-miR-421,KIAA2026
hsa-miR-421,KIF1C
hsa-miR-421,KIF3C
hsa-miR-421,KNTC1
hsa-miR-421,KPNA4
hsa-miR-421,KRAS
hsa-miR-421,LARP4B
hsa-miR-421,LDLRAD4
hsa-miR-421,LEF1
hsa-miR-421,LONRF3
hsa-miR-421,LRRC4
hsa-miR-421,LZIC
hsa-miR-421,MAGED1
hsa-miR-421,MAP3K12
hsa-miR-421,MAP3K2
hsa-miR-421,MAP7
hsa-miR-421,MCMBP
hsa-miR-421,MED13
hsa-miR-421,MED4
hsa-miR-421,MEF2C
hsa-miR-421,MEIS1
hsa-miR-421,MEIS2
hsa-miR-421,METTL8
hsa-miR-421,MFSD6
hsa-miR-421,MGAT5
hsa-miR-421,MITF
hsa-miR-421,MPRIP
hsa-miR-421,MTA1
hsa-miR-421,MXI1
hsa-miR-421,MYO1F
hsa-miR-421,NAA60
hsa-miR-421,NCAM1
hsa-miR-421,NCBP2
hsa-miR-421,NCS1
hsa-miR-421,NFIB
hsa-miR-421,NHLRC2
hsa-miR-421,NLE1
hsa-miR-421,NMB
hsa-miR-421,NPFFR1
hsa-miR-421,NPHP3
hsa-miR-421,NR2C2
hsa-miR-421,NR3C2
hsa-miR-421,NRG2
hsa-miR-421,NSUN4
hsa-miR-421,OCIAD1
hsa-miR-421,ONECUT2
hsa-miR-421,OPA1
hsa-miR-421,PACRGL
hsa-miR-421,PAIP2B
hsa-miR-421,PANK2
hsa-miR-421,PANK3
hsa-miR-421,PAPOLG
hsa-miR-421,PCGF5
hsa-miR-421,PCTP
hsa-miR-421,PDCD4
hsa-miR-421,PDE4B
hsa-miR-421,PDGFRA
hsa-miR-421,PDK3
hsa-miR-421,PFKFB2
hsa-miR-421,PGBD1
hsa-miR-421,PGM3
hsa-miR-421,PICALM
hsa-miR-421,PIGA
hsa-miR-421,PIPOX
hsa-miR-421,PLCL1
hsa-miR-421,PLCXD3
hsa-miR-421,PLXNA1
hsa-miR-421,PLXNC1
hsa-miR-421,POLR3H
hsa-miR-421,PP13439
hsa-miR-421,PPP2R2C
hsa-miR-421,PPT1
hsa-miR-421,PRCP
hsa-miR-421,PRKAA2
hsa-miR-421,PRKD1
hsa-miR-421,PRUNE2
hsa-miR-421,PSMA5
hsa-miR-421,PTPRB
hsa-miR-421,RAB6B
hsa-miR-421,RAD54B
hsa-miR-421,RASAL2
hsa-miR-421,RASSF4
hsa-miR-421,RERE
hsa-miR-421,RIC3
hsa-miR-421,RIPK1
hsa-miR-421,ROCK1
hsa-miR-421,RORB
hsa-miR-421,RP11-766F14.2
hsa-miR-421,RPA4
hsa-miR-421,RPRD1B
hsa-miR-421,RPRD2
hsa-miR-421,RPS6KA3
hsa-miR-421,RRP15
hsa-miR-421,SAMD12
hsa-miR-421,SAP30L
hsa-miR-421,SBNO1
hsa-miR-421,SCOC
hsa-miR-421,SEPHS1
hsa-miR-421,SERTAD4
hsa-miR-421,SFMBT1
hsa-miR-421,SGIP1
hsa-miR-421,SH3BP4
hsa-miR-421,SIRPA
hsa-miR-421,SKIDA1
hsa-miR-421,SLC25A12
hsa-miR-421,SLC4A4
hsa-miR-421,SLC8A2
hsa-miR-421,SNAP25
hsa-miR-421,SNAP91
hsa-miR-421,SND1
hsa-miR-421,SNRNP70
hsa-miR-421,SOX6
hsa-miR-421,SP3
hsa-miR-421,SPATA13
hsa-miR-421,SPATS2L
hsa-miR-421,SPCS2
hsa-miR-421,SPIRE1
hsa-miR-421,SPR
hsa-miR-421,SPRY1
hsa-miR-421,SPTY2D1
hsa-miR-421,SREK1
hsa-miR-421,SRSF10
hsa-miR-421,SSR3
hsa-miR-421,STAM2
hsa-miR-421,STRN3
hsa-miR-421,SUB1
hsa-miR-421,SUPT16H
hsa-miR-421,SYT1
hsa-miR-421,SYT14
hsa-miR-421,TAX1BP1
hsa-miR-421,TBC1D13
hsa-miR-421,TBC1D30
hsa-miR-421,TEX261
hsa-miR-421,THAP2
hsa-miR-421,THRB
hsa-miR-421,TIMM8A
hsa-miR-421,TLR4
hsa-miR-421,TMEM106B
hsa-miR-421,TMEM159
hsa-miR-421,TMEM65
hsa-miR-421,TNKS2
hsa-miR-421,TOMM34
hsa-miR-421,TOMM70A
hsa-miR-421,TOPBP1
hsa-miR-421,TRAF6
hsa-miR-421,TRAM2
hsa-miR-421,TRPM7
hsa-miR-421,TSC22D2
hsa-miR-421,TSN
hsa-miR-421,TTBK2
hsa-miR-421,TTC9
hsa-miR-421,TUBB
hsa-miR-421,UBE2B
hsa-miR-421,UBN2
hsa-miR-421,USP47
hsa-miR-421,USP49
hsa-miR-421,VAMP7
hsa-miR-421,VAT1L
hsa-miR-421,VEZF1
hsa-miR-421,WAC
hsa-miR-421,WASF2
hsa-miR-421,WDR7
hsa-miR-421,XRN1
hsa-miR-421,YTHDF2
hsa-miR-421,ZBTB10
hsa-miR-421,ZBTB11
hsa-miR-421,ZC3H7A
hsa-miR-421,ZCCHC14
hsa-miR-421,ZNF106
hsa-miR-421,ZNF398
hsa-miR-421,ZNF404
hsa-miR-421,ZNF470
hsa-miR-421,ZNF654
hsa-miR-421,ZNF706
hsa-miR-421,CCDC28A
hsa-miR-421,SMS
hsa-miR-421,CLEC11A
hsa-miR-421,ETHE1
hsa-miR-421,EDF1
hsa-miR-421,IFT20
hsa-miR-421,MRPL51
hsa-miR-421,GADD45A
hsa-miR-421,PDZD11
hsa-miR-421,PRDX4
hsa-miR-421,ECHS1
hsa-miR-421,PCNA
hsa-miR-421,TACO1
hsa-miR-421,WDFY2
hsa-miR-421,NARF
hsa-miR-421,GDF7
hsa-miR-421,IRAK1BP1
hsa-miR-421,AURKAIP1
hsa-miR-421,C10orf85
hsa-miR-421,CTXN1
hsa-miR-421,C15orf61
hsa-miR-421,FAM163B
hsa-miR-421,TAS2R50
